url,slug,title,category,type
https://club.kudozz.in/blog/12-jyotirlingas-in-india,12-jyotirlingas-in-india,"The 12 Jyotirlingas: Names, Locations and How to Visit",Spiritual Tourism,Spiritual article
https://club.kudozz.in/blog/abhaneri-travel-guide,abhaneri-travel-guide,Abhaneri Guide: Chand Baori Stepwell & Tips,Heritage,Travel guide
https://club.kudozz.in/blog/abohar-travel-guide,abohar-travel-guide,Abohar Travel Guide: Blackbuck Sanctuary & Tips,Off-beat,Travel guide
https://club.kudozz.in/blog/achanakmar-travel-guide,achanakmar-travel-guide,Achanakmar Tiger Reserve Travel Guide: Safari & Best Time,Adventure,Travel guide
https://club.kudozz.in/blog/adi-kailash-travel-guide,adi-kailash-travel-guide,"Adi Kailash Travel Guide: Trek, Permits & Best Time",Trekking,Travel guide
https://club.kudozz.in/blog/adventure-activities-in-andaman,adventure-activities-in-andaman,Adventure Activities in the Andaman Islands,Adventure Travel,Adventure article
https://club.kudozz.in/blog/adventure-activities-in-goa,adventure-activities-in-goa,"Adventure Activities in Goa: Water Sports, Kayaking and Treks",Adventure Travel,Adventure article
https://club.kudozz.in/blog/adventure-activities-in-himachal-pradesh,adventure-activities-in-himachal-pradesh,"Adventure Activities in Himachal Pradesh, Region by Region",Adventure Travel,Adventure article
https://club.kudozz.in/blog/adventure-activities-in-ladakh,adventure-activities-in-ladakh,"Adventure Activities in Ladakh: Rafting, Treks, Rides and Peaks",Adventure Travel,Adventure article
https://club.kudozz.in/blog/adventure-activities-in-manali,adventure-activities-in-manali,"Adventure Activities in Manali: Paragliding, Skiing, Rafting and Treks",Adventure Travel,Adventure article
https://club.kudozz.in/blog/adventure-activities-in-meghalaya,adventure-activities-in-meghalaya,"Adventure Activities in Meghalaya: Caves, Root Bridges and Rivers",Adventure Travel,Adventure article
https://club.kudozz.in/blog/adventure-activities-in-sikkim,adventure-activities-in-sikkim,"Adventure Activities in Sikkim: Treks, Rafting and Paragliding",Adventure Travel,Adventure article
https://club.kudozz.in/blog/adventure-activities-in-uttarakhand,adventure-activities-in-uttarakhand,"Adventure Activities in Uttarakhand: Rafting, Treks, Skiing and More",Adventure Travel,Adventure article
https://club.kudozz.in/blog/adventure-sports-in-india,adventure-sports-in-india,"Adventure Sports in India: Land, Water and Air Activities",Adventure Travel,Adventure article
https://club.kudozz.in/blog/adventure-travel-for-beginners-in-india,adventure-travel-for-beginners-in-india,Adventure Travel for Beginners in India,Adventure Travel,Adventure article
https://club.kudozz.in/blog/adventure-travel-packing-list-india,adventure-travel-packing-list-india,Adventure Travel Packing List for India,Adventure Travel,Adventure article
https://club.kudozz.in/blog/agartala-travel-guide,agartala-travel-guide,"Agartala Travel Guide: Palaces, Sightseeing & Tips",Destination Guide,Travel guide
https://club.kudozz.in/blog/agatti-island-travel-guide,agatti-island-travel-guide,"Agatti Island Travel Guide: Lagoon, Reefs & Diving Spots",Destination Guide,Travel guide
https://club.kudozz.in/blog/agonda-travel-guide,agonda-travel-guide,Agonda Beach Travel Guide: Turtle Nesting & South Goa's Quiet Side,Beaches,Travel guide
https://club.kudozz.in/blog/agra-travel-guide,agra-travel-guide,"Agra Travel Guide: Taj Mahal, Fort & Fatehpur Sikri",Heritage,Travel guide
https://club.kudozz.in/blog/agroha-travel-guide,agroha-travel-guide,Agroha Travel Guide: Ancient Mound & Agroha Dham,Heritage,Travel guide
https://club.kudozz.in/blog/aharbal-travel-guide,aharbal-travel-guide,Aharbal Waterfall Travel Guide: Kashmir's Niagara,Off-beat,Travel guide
https://club.kudozz.in/blog/ahmedabad-travel-guide,ahmedabad-travel-guide,"Ahmedabad Travel Guide: Heritage Walk, Sabarmati Ashram & Food",Destination Guide,Travel guide
https://club.kudozz.in/blog/ahobilam-travel-guide,ahobilam-travel-guide,Ahobilam Travel Guide: The Nine Forms of Lord Narasimha,Heritage,Travel guide
https://club.kudozz.in/blog/aizawl-travel-guide,aizawl-travel-guide,Aizawl Travel Guide: Sightseeing & Tips,Destination Guide,Travel guide
https://club.kudozz.in/blog/ajanta-ellora-travel-guide,ajanta-ellora-travel-guide,"Ajanta & Ellora Caves Travel Guide: History, Timings & Tips",Heritage,Travel guide
https://club.kudozz.in/blog/ajmer-travel-guide,ajmer-travel-guide,Ajmer Travel Guide: Dargah Sharif & Ana Sagar,Heritage,Travel guide
https://club.kudozz.in/blog/ajodhya-hills-travel-guide,ajodhya-hills-travel-guide,Ajodhya Hills Travel Guide: Trekking & Tribal Culture,Off-beat,Travel guide
https://club.kudozz.in/blog/akshardham-delhi-travel-guide,akshardham-delhi-travel-guide,"Akshardham Temple Delhi: Timings, Tickets & Guide",Heritage,Travel guide
https://club.kudozz.in/blog/alampur-travel-guide,alampur-travel-guide,Alampur Travel Guide: Navabrahma Temples & Tips,Heritage,Travel guide
https://club.kudozz.in/blog/alappuzha-travel-guide,alappuzha-travel-guide,Alappuzha (Alleppey) Travel Guide: Houseboats & Backwaters,Destination Guide,Travel guide
https://club.kudozz.in/blog/alibaug-travel-guide,alibaug-travel-guide,"Alibaug Travel Guide: Beaches, Forts & Weekend Getaway",Beaches,Travel guide
https://club.kudozz.in/blog/amaravati-travel-guide,amaravati-travel-guide,Amaravati Travel Guide: Ancient Buddhist Stupa & New Capital,Heritage,Travel guide
https://club.kudozz.in/blog/amarkantak-travel-guide,amarkantak-travel-guide,Amarkantak Travel Guide: Source of the Narmada & Son Rivers,Off-beat,Travel guide
https://club.kudozz.in/blog/amber-fort,amber-fort,"Amber Fort (Amer Fort), Jaipur: History and Visiting Guide",Heritage & Culture,Heritage article
https://club.kudozz.in/blog/amritsar-travel-guide,amritsar-travel-guide,Amritsar Travel Guide: Golden Temple & Food,Destination Guide,Travel guide
https://club.kudozz.in/blog/anandpur-sahib-travel-guide,anandpur-sahib-travel-guide,Anandpur Sahib Guide: Birthplace of the Khalsa,Heritage,Travel guide
https://club.kudozz.in/blog/ananthagiri-hills-travel-guide,ananthagiri-hills-travel-guide,Ananthagiri Hills Guide: Coffee & Weekend Trip,Off-beat,Travel guide
https://club.kudozz.in/blog/andaman-islands-travel-guide,andaman-islands-travel-guide,"Andaman Islands Travel Guide: Beaches, Diving, Permits & Tips",Beaches,Travel guide
https://club.kudozz.in/blog/andhra-pradesh-travel-guide,andhra-pradesh-travel-guide,"Andhra Pradesh Travel Guide: Tirupati, Visakhapatnam & Araku Valley",Destination Guide,Travel guide
https://club.kudozz.in/blog/andro-travel-guide,andro-travel-guide,"Andro Village Travel Guide: Pottery, Heritage & Temples",Heritage,Travel guide
https://club.kudozz.in/blog/anini-travel-guide,anini-travel-guide,Anini Travel Guide: India's Least Explored Valley,Off-beat,Travel guide
https://club.kudozz.in/blog/anjuna-travel-guide,anjuna-travel-guide,"Anjuna Travel Guide: Flea Market, Cliffs & Trance Party Legacy",Beaches,Travel guide
https://club.kudozz.in/blog/araku-valley-travel-guide,araku-valley-travel-guide,Araku Valley Travel Guide: Coffee Hills & the Train Journey Through 58 Tunnels,Off-beat,Travel guide
https://club.kudozz.in/blog/archaeological-sites-in-india,archaeological-sites-in-india,Archaeological Sites in India: From Harappan Cities to Ancient Universities,Heritage & Culture,Heritage article
https://club.kudozz.in/blog/aritar-travel-guide,aritar-travel-guide,"Aritar Travel Guide: Lake, Views & Tips",Off-beat,Travel guide
https://club.kudozz.in/blog/arunachal-pradesh-travel-guide,arunachal-pradesh-travel-guide,"Arunachal Pradesh Travel Guide: Tawang, Ziro Valley & Bomdila",Off-beat,Travel guide
https://club.kudozz.in/blog/assam-travel-guide,assam-travel-guide,"Assam Travel Guide: Kaziranga, Guwahati & Majuli Island",Destination Guide,Travel guide
https://club.kudozz.in/blog/athirappilly-travel-guide,athirappilly-travel-guide,Athirappilly Falls Travel Guide: Kerala's Niagara & Best Time to Visit,Off-beat,Travel guide
https://club.kudozz.in/blog/auli-travel-guide,auli-travel-guide,"Auli Travel Guide: Skiing, Cable Car & Best Time",Adventure,Travel guide
https://club.kudozz.in/blog/ayodhya-travel-guide,ayodhya-travel-guide,Ayodhya Travel Guide: Ram Mandir & Saryu Ghats,Heritage,Travel guide
https://club.kudozz.in/blog/ayodhya-varanasi-prayagraj-tour,ayodhya-varanasi-prayagraj-tour,"Ayodhya, Varanasi and Prayagraj: A Pilgrimage Itinerary",Spiritual Tourism,Spiritual article
https://club.kudozz.in/blog/badami-aihole-pattadakal-travel-guide,badami-aihole-pattadakal-travel-guide,"Badami, Aihole & Pattadakal Travel Guide: Chalukya Cave Temples",Heritage,Travel guide
https://club.kudozz.in/blog/badrinath-travel-guide,badrinath-travel-guide,"Badrinath Travel Guide: Temple, Timings & How to Reach",Heritage,Travel guide
https://club.kudozz.in/blog/baga-travel-guide,baga-travel-guide,"Baga Beach Travel Guide: Nightlife, Water Sports & Tito's Lane",Beaches,Travel guide
https://club.kudozz.in/blog/balpakram-travel-guide,balpakram-travel-guide,Balpakram National Park: Myths & Wildlife,Adventure,Travel guide
https://club.kudozz.in/blog/bandhavgarh-travel-guide,bandhavgarh-travel-guide,"Bandhavgarh National Park: Tiger Safari Guide, Zones & Best Time",Adventure,Travel guide
https://club.kudozz.in/blog/bandipur-travel-guide,bandipur-travel-guide,"Bandipur National Park: Tiger Safari Guide, Zones & Best Time",Adventure,Travel guide
https://club.kudozz.in/blog/barabar-caves-travel-guide,barabar-caves-travel-guide,Barabar Caves Travel Guide: India's Oldest Rock-Cut Caves,Heritage,Travel guide
https://club.kudozz.in/blog/baratang-andaman-travel-guide,baratang-andaman-travel-guide,"Baratang Island Travel Guide: Caves, Mud Volcano & Convoy Tips",Off-beat,Travel guide
https://club.kudozz.in/blog/barnawapara-travel-guide,barnawapara-travel-guide,Barnawapara Wildlife Sanctuary Travel Guide: Safari Near Raipur,Adventure,Travel guide
https://club.kudozz.in/blog/bastar-travel-guide,bastar-travel-guide,"Bastar Travel Guide: Tribal Culture, Bastar Dussehra & Dandami Art",Off-beat,Travel guide
https://club.kudozz.in/blog/bathinda-travel-guide,bathinda-travel-guide,Bathinda Travel Guide: Qila Mubarak & History,Heritage,Travel guide
https://club.kudozz.in/blog/beach-holidays-in-india,beach-holidays-in-india,"Beach Holidays in India: How to Choose by Traveller, Budget and Season",Beach Travel,Beach article
https://club.kudozz.in/blog/beach-honeymoon-destinations-in-india,beach-honeymoon-destinations-in-india,Beach Honeymoon Destinations in India,Beach Travel,Beach article
https://club.kudozz.in/blog/beach-safety-in-india,beach-safety-in-india,"Beach Safety in India: Flags, Rip Currents, Monsoon Rules and Marine Life",Beach Travel,Beach article
https://club.kudozz.in/blog/beach-tourism-in-india,beach-tourism-in-india,"Beach Tourism in India: Blue Flag Beaches, Coastal Rules and Responsible Travel",Beach Travel,Beach article
https://club.kudozz.in/blog/beach-trips-in-india,beach-trips-in-india,"Beach Trips in India: Short Breaks from Mumbai, Bengaluru, Chennai, Kolkata and Delhi",Beach Travel,Beach article
https://club.kudozz.in/blog/beginner-treks-in-india,beginner-treks-in-india,Beginner Treks in India: Easy Himalayan and Hill Treks,Adventure Travel,Adventure article
https://club.kudozz.in/blog/bekal-travel-guide,bekal-travel-guide,"Bekal Travel Guide: Fort, Beach & North Kerala's Quiet Coast",Beaches,Travel guide
https://club.kudozz.in/blog/belum-caves-travel-guide,belum-caves-travel-guide,Belum Caves Travel Guide: India's Second-Longest Cave System,Off-beat,Travel guide
https://club.kudozz.in/blog/belur-halebidu-hoysala-temples,belur-halebidu-hoysala-temples,"Belur, Halebidu and Somanathapura: Visiting the Hoysala Temples",Heritage & Culture,Heritage article
https://club.kudozz.in/blog/bengaluru-travel-guide,bengaluru-travel-guide,"Bengaluru Travel Guide: Gardens, Palaces & India's Tech Capital",Destination Guide,Travel guide
https://club.kudozz.in/blog/benreu-travel-guide,benreu-travel-guide,Benreu Village Guide: Zeliang Naga Heritage,Off-beat,Travel guide
https://club.kudozz.in/blog/best-adventure-destinations-in-india,best-adventure-destinations-in-india,"Best Adventure Destinations in India, by Activity and Season",Adventure Travel,Adventure article
https://club.kudozz.in/blog/best-beach-destinations-in-india,best-beach-destinations-in-india,"Best Beach Destinations in India, by Coast and Travel Style",Beach Travel,Beach article
https://club.kudozz.in/blog/best-beaches-in-andaman,best-beaches-in-andaman,"Best Beaches in the Andaman Islands: Havelock, Neil, Port Blair and Beyond",Beach Travel,Beach article
https://club.kudozz.in/blog/best-beaches-in-andhra-pradesh,best-beaches-in-andhra-pradesh,Best Beaches in Andhra Pradesh: Visakhapatnam's Coast and Beyond,Beach Travel,Beach article
https://club.kudozz.in/blog/best-beaches-in-goa,best-beaches-in-goa,Best Beaches in Goa: North and South Goa Beach by Beach,Beach Travel,Beach article
https://club.kudozz.in/blog/best-beaches-in-gujarat,best-beaches-in-gujarat,"Best Beaches in Gujarat: Shivrajpur, Mandvi, Dwarka and the Saurashtra Coast",Beach Travel,Beach article
https://club.kudozz.in/blog/best-beaches-in-india,best-beaches-in-india,"Best Beaches in India: The Standout Beaches, Coast by Coast",Beach Travel,Beach article
https://club.kudozz.in/blog/best-beaches-in-karnataka,best-beaches-in-karnataka,"Best Beaches in Karnataka: Gokarna, Udupi, Murudeshwar and Karwar",Beach Travel,Beach article
https://club.kudozz.in/blog/best-beaches-in-kerala,best-beaches-in-kerala,Best Beaches in Kerala: From Varkala and Kovalam to the Malabar Coast,Beach Travel,Beach article
https://club.kudozz.in/blog/best-beaches-in-lakshadweep,best-beaches-in-lakshadweep,"Best Beaches in Lakshadweep: Islands, Lagoons and Permits",Beach Travel,Beach article
https://club.kudozz.in/blog/best-beaches-in-maharashtra,best-beaches-in-maharashtra,Best Beaches in Maharashtra: Konkan Coast from Alibaug to Tarkarli,Beach Travel,Beach article
https://club.kudozz.in/blog/best-beaches-in-odisha,best-beaches-in-odisha,"Best Beaches in Odisha: Puri, Chandrabhaga, Gopalpur and Chandipur",Beach Travel,Beach article
https://club.kudozz.in/blog/best-beaches-in-puducherry,best-beaches-in-puducherry,"Best Beaches in Puducherry: Paradise, Serenity, Auroville and Rock Beach",Beach Travel,Beach article
https://club.kudozz.in/blog/best-beaches-in-tamil-nadu,best-beaches-in-tamil-nadu,"Best Beaches in Tamil Nadu: Chennai, Mahabalipuram, Rameswaram and Kanyakumari",Beach Travel,Beach article
https://club.kudozz.in/blog/best-beaches-in-west-bengal,best-beaches-in-west-bengal,"Best Beaches in West Bengal: Digha, Mandarmani, Tajpur and Bakkhali",Beach Travel,Beach article
https://club.kudozz.in/blog/best-motorcycle-trips-in-india,best-motorcycle-trips-in-india,Best Motorcycle Trips in India: Routes for Every Season,Adventure Travel,Adventure article
https://club.kudozz.in/blog/best-museums-in-india,best-museums-in-india,"Best Museums in India: History, Art and Culture",Heritage & Culture,Heritage article
https://club.kudozz.in/blog/best-national-parks-in-india,best-national-parks-in-india,Best National Parks in India for Wildlife,Wildlife Tourism,Wildlife article
https://club.kudozz.in/blog/best-pilgrimage-places-in-india,best-pilgrimage-places-in-india,Best Pilgrimage Places in India: Holy Sites of Every Faith,Spiritual Tourism,Spiritual article
https://club.kudozz.in/blog/best-tiger-reserves-in-india,best-tiger-reserves-in-india,"Best Tiger Reserves in India, and How the Reserve System Works",Wildlife Tourism,Wildlife article
https://club.kudozz.in/blog/best-time-for-adventure-travel-in-india,best-time-for-adventure-travel-in-india,"Best Time for Adventure Travel in India, Month by Month",Adventure Travel,Adventure article
https://club.kudozz.in/blog/best-time-for-beach-holidays-in-india,best-time-for-beach-holidays-in-india,"Best Time for Beach Holidays in India, Month by Month",Beach Travel,Beach article
https://club.kudozz.in/blog/best-time-for-wildlife-safari-in-india,best-time-for-wildlife-safari-in-india,"Best Time for Wildlife Safari in India, Month by Month",Wildlife Tourism,Wildlife article
https://club.kudozz.in/blog/best-wildlife-destinations-in-india,best-wildlife-destinations-in-india,"Best Wildlife Destinations in India, by Species and Season",Wildlife Tourism,Wildlife article
https://club.kudozz.in/blog/best-wildlife-safaris-in-india,best-wildlife-safaris-in-india,"Best Wildlife Safaris in India: Jeep, Canter, Boat and Walking Safaris",Wildlife Tourism,Wildlife article
https://club.kudozz.in/blog/best-wildlife-sanctuaries-in-india,best-wildlife-sanctuaries-in-india,Best Wildlife Sanctuaries in India,Wildlife Tourism,Wildlife article
https://club.kudozz.in/blog/betla-travel-guide,betla-travel-guide,Betla National Park Travel Guide: Tiger Safari & Palamu Forts,Adventure,Travel guide
https://club.kudozz.in/blog/betlingchhip-travel-guide,betlingchhip-travel-guide,Betlingchhip Trek Guide: Tripura's Highest Peak,Trekking,Travel guide
https://club.kudozz.in/blog/bhaderwah-travel-guide,bhaderwah-travel-guide,Bhaderwah Travel Guide: J&K's Mini Kashmir,Off-beat,Travel guide
https://club.kudozz.in/blog/bhadrachalam-travel-guide,bhadrachalam-travel-guide,Bhadrachalam Travel Guide: Temple & Godavari,Heritage,Travel guide
https://club.kudozz.in/blog/bhandardara-travel-guide,bhandardara-travel-guide,"Bhandardara Travel Guide: Arthur Lake, Waterfalls & Camping",Off-beat,Travel guide
https://club.kudozz.in/blog/bharatpur-travel-guide,bharatpur-travel-guide,Bharatpur Guide: Keoladeo Bird Sanctuary & Tips,Adventure,Travel guide
https://club.kudozz.in/blog/bhimashankar-jyotirlinga,bhimashankar-jyotirlinga,"Bhimashankar Jyotirlinga: Temple Guide, Route from Pune and Best Time",Spiritual Tourism,Spiritual article
https://club.kudozz.in/blog/bhimbetka-travel-guide,bhimbetka-travel-guide,Bhimbetka Rock Shelters: Prehistoric Cave Art Travel Guide,Heritage,Travel guide
https://club.kudozz.in/blog/bhindawas-travel-guide,bhindawas-travel-guide,Bhindawas Wildlife Sanctuary Travel Guide: Haryana's Largest Wetland,Off-beat,Travel guide
https://club.kudozz.in/blog/bhitarkanika-travel-guide,bhitarkanika-travel-guide,Bhitarkanika Guide: Mangroves & Crocodiles,Adventure,Travel guide
https://club.kudozz.in/blog/bhopal-travel-guide,bhopal-travel-guide,"Bhopal Travel Guide: Lakes, Old City & Bhimbetka Gateway",Destination Guide,Travel guide
https://club.kudozz.in/blog/bhoramdeo-travel-guide,bhoramdeo-travel-guide,Bhoramdeo Temple Travel Guide: Chhattisgarh's Khajuraho,Heritage,Travel guide
https://club.kudozz.in/blog/bhubaneswar-travel-guide,bhubaneswar-travel-guide,Bhubaneswar Travel Guide: Temple City of India,Destination Guide,Travel guide
https://club.kudozz.in/blog/bihar-travel-guide,bihar-travel-guide,"Bihar Travel Guide: Bodh Gaya, Nalanda & Patna",Destination Guide,Travel guide
https://club.kudozz.in/blog/bikaner-travel-guide,bikaner-travel-guide,Bikaner Travel Guide: Junagarh Fort & Desert,Destination Guide,Travel guide
https://club.kudozz.in/blog/bir-billing-travel-guide,bir-billing-travel-guide,Bir Billing Travel Guide: Paragliding Capital of India,Adventure,Travel guide
https://club.kudozz.in/blog/birdwatching-in-india,birdwatching-in-india,Birdwatching in India: Best Destinations and Seasons for Birding,Wildlife Tourism,Wildlife article
https://club.kudozz.in/blog/bishnupur-travel-guide,bishnupur-travel-guide,Bishnupur Travel Guide: Terracotta Temples & Baluchari,Heritage,Travel guide
https://club.kudozz.in/blog/bodh-gaya-travel-guide,bodh-gaya-travel-guide,Bodh Gaya Travel Guide: Mahabodhi Temple & Buddha's Enlightenment Site,Heritage,Travel guide
https://club.kudozz.in/blog/bogatha-waterfall-travel-guide,bogatha-waterfall-travel-guide,Bogatha Waterfall Guide: Best Time & How to Reach,Off-beat,Travel guide
https://club.kudozz.in/blog/bomdila-travel-guide,bomdila-travel-guide,Bomdila Travel Guide: Monastery Town & Gateway to Tawang,Off-beat,Travel guide
https://club.kudozz.in/blog/borra-caves-travel-guide,borra-caves-travel-guide,Borra Caves Travel Guide: Million-Year-Old Limestone Caverns,Off-beat,Travel guide
https://club.kudozz.in/blog/bougainvillea-garden-chandigarh-travel-guide,bougainvillea-garden-chandigarh-travel-guide,Bougainvillea Garden Chandigarh: Blooms & Best Time,Off-beat,Travel guide
https://club.kudozz.in/blog/buddhist-circuit-in-india,buddhist-circuit-in-india,"The Buddhist Circuit in India: Sites, Route and Itinerary",Spiritual Tourism,Spiritual article
https://club.kudozz.in/blog/buddhist-tourism-in-india,buddhist-tourism-in-india,Buddhist Tourism in India: Sacred Sites and Monasteries,Spiritual Tourism,Spiritual article
https://club.kudozz.in/blog/bundi-travel-guide,bundi-travel-guide,"Bundi Travel Guide: Stepwells, Palace & Murals",Heritage,Travel guide
https://club.kudozz.in/blog/bungee-jumping-in-india,bungee-jumping-in-india,Bungee Jumping in India: Where to Jump and What to Know,Adventure Travel,Adventure article
https://club.kudozz.in/blog/buxa-travel-guide,buxa-travel-guide,Buxa Tiger Reserve Travel Guide: Trek & Safari,Adventure,Travel guide
https://club.kudozz.in/blog/calangute-travel-guide,calangute-travel-guide,Calangute Beach Travel Guide: Goa's Busiest Beach & Nightlife,Beaches,Travel guide
https://club.kudozz.in/blog/camping-in-india,camping-in-india,Camping in India: Best Places and How to Camp Well,Adventure Travel,Adventure article
https://club.kudozz.in/blog/canacona-travel-guide,canacona-travel-guide,Canacona Travel Guide: South Goa's Quiet Taluka & Beach Cluster,Off-beat,Travel guide
https://club.kudozz.in/blog/candolim-travel-guide,candolim-travel-guide,Candolim Beach Travel Guide: Quiet Sands Near the Nightlife,Beaches,Travel guide
https://club.kudozz.in/blog/capitol-complex-chandigarh-travel-guide,capitol-complex-chandigarh-travel-guide,Capitol Complex Chandigarh: Le Corbusier's UNESCO Site Guide,Heritage,Travel guide
https://club.kudozz.in/blog/cellular-jail-andaman-travel-guide,cellular-jail-andaman-travel-guide,"Cellular Jail Travel Guide: History, Timings & Light Show",Heritage,Travel guide
https://club.kudozz.in/blog/chabimura-travel-guide,chabimura-travel-guide,Chabimura Travel Guide: Rock Carvings & Boat Ride,Off-beat,Travel guide
https://club.kudozz.in/blog/champaner-pavagadh,champaner-pavagadh,Champaner-Pavagadh Archaeological Park: Visiting Guide,Heritage & Culture,Heritage article
https://club.kudozz.in/blog/champhai-travel-guide,champhai-travel-guide,Champhai Travel Guide: Rice Bowl of Mizoram,Off-beat,Travel guide
https://club.kudozz.in/blog/chanakyapuri-delhi-travel-guide,chanakyapuri-delhi-travel-guide,Chanakyapuri Guide: Delhi's Diplomatic Enclave,Destination Guide,Travel guide
https://club.kudozz.in/blog/chandauli-travel-guide,chandauli-travel-guide,Chandauli Travel Guide: Waterfalls Near Varanasi,Off-beat,Travel guide
https://club.kudozz.in/blog/chandigarh-botanical-garden-travel-guide,chandigarh-botanical-garden-travel-guide,Chandigarh Botanical Garden: Sarangpur Visit Guide,Off-beat,Travel guide
https://club.kudozz.in/blog/chandigarh-travel-guide,chandigarh-travel-guide,"Chandigarh Travel Guide: Rock Garden, Sukhna Lake & Itinerary",Destination Guide,Travel guide
https://club.kudozz.in/blog/chandil-travel-guide,chandil-travel-guide,"Chandil Dam Travel Guide: Reservoir, Boating & Day Trip Guide",Off-beat,Travel guide
https://club.kudozz.in/blog/chandipur-travel-guide,chandipur-travel-guide,Chandipur Beach Guide: The Vanishing Sea,Beaches,Travel guide
https://club.kudozz.in/blog/chandni-chowk-delhi-travel-guide,chandni-chowk-delhi-travel-guide,Chandni Chowk: Delhi's Legendary Food Walk & Bazaar Guide,Heritage,Travel guide
https://club.kudozz.in/blog/char-dham-of-india,char-dham-of-india,"The Char Dham of India: Badrinath, Dwarka, Puri and Rameswaram",Spiritual Tourism,Spiritual article
https://club.kudozz.in/blog/char-dham-yatra-guide,char-dham-yatra-guide,"Char Dham Yatra Guide: Route, Registration, Dates and Planning",Spiritual Tourism,Spiritual article
https://club.kudozz.in/blog/charaideo-travel-guide,charaideo-travel-guide,Charaideo Travel Guide: The Pyramids of Assam,Heritage,Travel guide
https://club.kudozz.in/blog/charminar-travel-guide,charminar-travel-guide,"Charminar Guide: History, Timings & Tips",Heritage,Travel guide
https://club.kudozz.in/blog/chennai-travel-guide,chennai-travel-guide,"Chennai Travel Guide: Beaches, Temples & Food",Destination Guide,Travel guide
https://club.kudozz.in/blog/cherrapunji-travel-guide,cherrapunji-travel-guide,Cherrapunji Travel Guide: Waterfalls & Rainfall,Off-beat,Travel guide
https://club.kudozz.in/blog/chettinad-travel-guide,chettinad-travel-guide,Chettinad Travel Guide: Mansions & Cuisine,Heritage,Travel guide
https://club.kudozz.in/blog/chhatrapati-sambhajinagar-travel-guide,chhatrapati-sambhajinagar-travel-guide,Chhatrapati Sambhajinagar Travel Guide: Bibi Ka Maqbara & Forts,Heritage,Travel guide
https://club.kudozz.in/blog/chhattisgarh-travel-guide,chhattisgarh-travel-guide,"Chhattisgarh Travel Guide: Chitrakote Falls, Bastar & Raipur",Off-beat,Travel guide
https://club.kudozz.in/blog/chidambaram-travel-guide,chidambaram-travel-guide,Chidambaram Guide: Nataraja Temple & Tips,Heritage,Travel guide
https://club.kudozz.in/blog/chidiya-tapu-andaman-travel-guide,chidiya-tapu-andaman-travel-guide,"Chidiya Tapu Travel Guide: Sunset Point, Birds & Tips",Off-beat,Travel guide
https://club.kudozz.in/blog/chikmagalur-travel-guide,chikmagalur-travel-guide,"Chikmagalur Travel Guide: Coffee Estates, Peaks & Waterfalls",Destination Guide,Travel guide
https://club.kudozz.in/blog/chilika-lake-travel-guide,chilika-lake-travel-guide,"Chilika Lake Guide: Dolphins, Birds & Boating",Off-beat,Travel guide
https://club.kudozz.in/blog/chitkul-travel-guide,chitkul-travel-guide,Chitkul Travel Guide: The Last Indian Village Before Tibet,Off-beat,Travel guide
https://club.kudozz.in/blog/chitrakoot-travel-guide,chitrakoot-travel-guide,Chitrakoot Travel Guide: Ram's Forest Exile Site,Heritage,Travel guide
https://club.kudozz.in/blog/chitrakote-travel-guide,chitrakote-travel-guide,Chitrakote Falls Travel Guide: India's Widest Waterfall,Off-beat,Travel guide
https://club.kudozz.in/blog/chittorgarh-travel-guide,chittorgarh-travel-guide,Chittorgarh Fort Guide: History & Tips,Heritage,Travel guide
https://club.kudozz.in/blog/chopta-travel-guide,chopta-travel-guide,Chopta Travel Guide: Tungnath Trek & Best Time,Trekking,Travel guide
https://club.kudozz.in/blog/classical-dance-and-music-in-india,classical-dance-and-music-in-india,Classical Dance and Music in India: Where to Watch and Learn,Heritage & Culture,Heritage article
https://club.kudozz.in/blog/coastal-tourism-in-india,coastal-tourism-in-india,"Coastal Tourism in India: Backwaters, Lighthouses, Forts and Fishing Villages",Beach Travel,Beach article
https://club.kudozz.in/blog/coimbatore-travel-guide,coimbatore-travel-guide,Coimbatore Travel Guide: Gateway to the Nilgiris,Destination Guide,Travel guide
https://club.kudozz.in/blog/colonial-heritage-in-india,colonial-heritage-in-india,"Colonial-Era Heritage in India: Portuguese, French, Danish and British Towns",Heritage & Culture,Heritage article
https://club.kudozz.in/blog/connaught-place-delhi-travel-guide,connaught-place-delhi-travel-guide,"Connaught Place Guide: Shopping, Food & Nightlife",Destination Guide,Travel guide
https://club.kudozz.in/blog/cooch-behar-travel-guide,cooch-behar-travel-guide,Cooch Behar Travel Guide: Palace & Royal Heritage,Heritage,Travel guide
https://club.kudozz.in/blog/coorg-travel-guide,coorg-travel-guide,"Coorg Travel Guide: Coffee, Waterfalls, Trekking & More",Destination Guide,Travel guide
https://club.kudozz.in/blog/courtallam-travel-guide,courtallam-travel-guide,Courtallam Falls Guide: Best Time & How to Reach,Off-beat,Travel guide
https://club.kudozz.in/blog/cultural-festivals-in-india,cultural-festivals-in-india,Cultural Festivals in India: A Traveller's Calendar,Heritage & Culture,Heritage article
https://club.kudozz.in/blog/cuttack-travel-guide,cuttack-travel-guide,Cuttack Travel Guide: Silver City & Barabati Fort,Heritage,Travel guide
https://club.kudozz.in/blog/dadra-nagar-haveli-daman-diu-travel-guide,dadra-nagar-haveli-daman-diu-travel-guide,Dadra & Nagar Haveli and Daman & Diu Travel Guide,Destination Guide,Travel guide
https://club.kudozz.in/blog/dalhousie-travel-guide,dalhousie-travel-guide,Dalhousie Travel Guide: Colonial Charm & Khajjiar Gateway,Destination Guide,Travel guide
https://club.kudozz.in/blog/daman-travel-guide,daman-travel-guide,"Daman Travel Guide: Forts, Beaches & Weekend Trip",Destination Guide,Travel guide
https://club.kudozz.in/blog/damdama-lake-travel-guide,damdama-lake-travel-guide,Damdama Lake Travel Guide: Haryana's Largest Natural Lake,Off-beat,Travel guide
https://club.kudozz.in/blog/dampa-tiger-reserve-travel-guide,dampa-tiger-reserve-travel-guide,Dampa Tiger Reserve: Safari Guide & Tips,Adventure,Travel guide
https://club.kudozz.in/blog/dandeli-travel-guide,dandeli-travel-guide,Dandeli Travel Guide: White-Water Rafting & Wildlife Sanctuary,Adventure,Travel guide
https://club.kudozz.in/blog/danteshwari-temple-travel-guide,danteshwari-temple-travel-guide,Danteshwari Temple Travel Guide: Bastar's Shakti Peetha,Heritage,Travel guide
https://club.kudozz.in/blog/daringbadi-travel-guide,daringbadi-travel-guide,Daringbadi Guide: The Kashmir of Odisha,Off-beat,Travel guide
https://club.kudozz.in/blog/darjeeling-travel-guide,darjeeling-travel-guide,"Darjeeling Travel Guide: Tea Gardens, Toy Train & Tiger Hill",Destination Guide,Travel guide
https://club.kudozz.in/blog/dawki-travel-guide,dawki-travel-guide,Dawki Travel Guide: Crystal Clear River & Tips,Off-beat,Travel guide
https://club.kudozz.in/blog/dayara-bugyal-travel-guide,dayara-bugyal-travel-guide,"Dayara Bugyal Trek: Route, Season & a Complete Guide",Trekking,Travel guide
https://club.kudozz.in/blog/deccan-sultanate-heritage,deccan-sultanate-heritage,"Deccan Heritage: Bijapur, Bidar, Gulbarga and Golconda",Heritage & Culture,Heritage article
https://club.kudozz.in/blog/delhi-travel-guide,delhi-travel-guide,"Delhi Travel Guide: Red Fort, Qutub Minar & 3-Day Itinerary",Destination Guide,Travel guide
https://club.kudozz.in/blog/deoghar-travel-guide,deoghar-travel-guide,Deoghar Travel Guide: Baidyanath Temple & Jyotirlinga Pilgrimage,Heritage,Travel guide
https://club.kudozz.in/blog/deomali-travel-guide,deomali-travel-guide,Deomali Trek Guide: Odisha's Highest Peak,Trekking,Travel guide
https://club.kudozz.in/blog/desert-adventures-in-india,desert-adventures-in-india,"Desert Adventures in India: Thar, Rann and Cold Deserts",Adventure Travel,Adventure article
https://club.kudozz.in/blog/devka-beach-travel-guide,devka-beach-travel-guide,"Devka Beach Daman: Promenade, Rides & Activities",Beaches,Travel guide
https://club.kudozz.in/blog/dha-hanu-travel-guide,dha-hanu-travel-guide,Dha-Hanu Travel Guide: Ladakh's Aryan Valley & the Brokpa People,Off-beat,Travel guide
https://club.kudozz.in/blog/dhanaulti-travel-guide,dhanaulti-travel-guide,"Dhanaulti: Pine Forests, Quiet Views & a Complete Guide",Off-beat,Travel guide
https://club.kudozz.in/blog/dharamshala-travel-guide,dharamshala-travel-guide,"Dharamshala Travel Guide: McLeod Ganj, Triund Trek & Tibetan Culture",Destination Guide,Travel guide
https://club.kudozz.in/blog/dholavira-travel-guide,dholavira-travel-guide,Dholavira Travel Guide: Harappan City & UNESCO World Heritage Site,Heritage,Travel guide
https://club.kudozz.in/blog/dibrugarh-travel-guide,dibrugarh-travel-guide,Dibrugarh Travel Guide: The Tea Capital of Assam,Destination Guide,Travel guide
https://club.kudozz.in/blog/digha-travel-guide,digha-travel-guide,"Digha Travel Guide: Beaches, Marine Aquarium & Tips",Beaches,Travel guide
https://club.kudozz.in/blog/diglipur-andaman-travel-guide,diglipur-andaman-travel-guide,"Diglipur Travel Guide: Saddle Peak, Kalipur & North Andaman",Off-beat,Travel guide
https://club.kudozz.in/blog/dimapur-travel-guide,dimapur-travel-guide,Dimapur Travel Guide: Gateway to Nagaland,Destination Guide,Travel guide
https://club.kudozz.in/blog/dirang-travel-guide,dirang-travel-guide,"Dirang Travel Guide: Hot Springs, Apple Orchards & Dirang Dzong",Off-beat,Travel guide
https://club.kudozz.in/blog/diu-fort-travel-guide,diu-fort-travel-guide,"Diu Fort Travel Guide: History, Timings & Tips",Heritage,Travel guide
https://club.kudozz.in/blog/diu-travel-guide,diu-travel-guide,"Diu Travel Guide: Beaches, Fort & Weekend Trip",Destination Guide,Travel guide
https://club.kudozz.in/blog/dolphin-watching-in-india,dolphin-watching-in-india,Dolphin Watching in India: Where to See Dolphins on the Coast,Beach Travel,Beach article
https://club.kudozz.in/blog/dongargarh-travel-guide,dongargarh-travel-guide,Dongargarh Travel Guide: Bamleshwari Temple & Ropeway,Heritage,Travel guide
https://club.kudozz.in/blog/dooars-travel-guide,dooars-travel-guide,"Dooars Travel Guide: Wildlife, Tea Gardens & Rivers",Off-beat,Travel guide
https://club.kudozz.in/blog/doodhpathri-travel-guide,doodhpathri-travel-guide,Doodhpathri Travel Guide: Kashmir's Valley of Milk,Off-beat,Travel guide
https://club.kudozz.in/blog/doyang-travel-guide,doyang-travel-guide,Doyang Guide: Amur Falcon Capital of the World,Adventure,Travel guide
https://club.kudozz.in/blog/drass-travel-guide,drass-travel-guide,Drass Travel Guide: Kargil War Memorial & the Gateway to Ladakh,Off-beat,Travel guide
https://club.kudozz.in/blog/dudhni-travel-guide,dudhni-travel-guide,Dudhni Lake Travel Guide: Boating Near Silvassa,Off-beat,Travel guide
https://club.kudozz.in/blog/dudhsagar-falls-travel-guide,dudhsagar-falls-travel-guide,Dudhsagar Falls Travel Guide: Jeep Safari & Best Time to Visit,Off-beat,Travel guide
https://club.kudozz.in/blog/dudhwa-travel-guide,dudhwa-travel-guide,Dudhwa National Park: Tiger & Rhino Safari Guide,Adventure,Travel guide
https://club.kudozz.in/blog/dumboor-lake-travel-guide,dumboor-lake-travel-guide,"Dumboor Lake Travel Guide: Islands, Boating & Tips",Off-beat,Travel guide
https://club.kudozz.in/blog/dwarka-delhi-travel-guide,dwarka-delhi-travel-guide,"Dwarka, Delhi Travel Guide: Sub-City & ISKCON Temple",Destination Guide,Travel guide
https://club.kudozz.in/blog/dwarka-travel-guide,dwarka-travel-guide,Dwarka Travel Guide: Krishna's Ancient Kingdom & Char Dham Site,Heritage,Travel guide
https://club.kudozz.in/blog/dzongu-travel-guide,dzongu-travel-guide,Dzongu Travel Guide: Permits & Lepcha Culture,Off-beat,Travel guide
https://club.kudozz.in/blog/dzukou-valley-travel-guide,dzukou-valley-travel-guide,Dzukou Valley Trek Guide: Route & Best Time,Trekking,Travel guide
https://club.kudozz.in/blog/elephanta-caves,elephanta-caves,"Elephanta Caves: History, Ferry and Visiting Guide",Heritage & Culture,Heritage article
https://club.kudozz.in/blog/famous-forts-in-india,famous-forts-in-india,Famous Forts in India: A Region-by-Region Guide,Heritage & Culture,Heritage article
https://club.kudozz.in/blog/famous-temples-in-india,famous-temples-in-india,Famous Temples in India: A Region-by-Region Guide for Visitors,Spiritual Tourism,Spiritual article
https://club.kudozz.in/blog/fatehgarh-sahib-travel-guide,fatehgarh-sahib-travel-guide,Fatehgarh Sahib Guide: History & Tips,Heritage,Travel guide
https://club.kudozz.in/blog/fatehpur-sikri-travel-guide,fatehpur-sikri-travel-guide,Fatehpur Sikri Travel Guide: Akbar's Ghost City,Heritage,Travel guide
https://club.kudozz.in/blog/ferozepur-travel-guide,ferozepur-travel-guide,Ferozepur Travel Guide: Hussainiwala & Tips,Off-beat,Travel guide
https://club.kudozz.in/blog/food-heritage-of-india,food-heritage-of-india,Food Heritage of India: Regional Cuisines for Travellers,Heritage & Culture,Heritage article
https://club.kudozz.in/blog/forts-in-maharashtra,forts-in-maharashtra,Forts in Maharashtra: The Maratha Military Landscapes and More,Heritage & Culture,Heritage article
https://club.kudozz.in/blog/forts-of-rajasthan,forts-of-rajasthan,Forts of Rajasthan: The UNESCO Hill Forts and Beyond,Heritage & Culture,Heritage article
https://club.kudozz.in/blog/gandikota-travel-guide,gandikota-travel-guide,Gandikota Travel Guide: India's Grand Canyon,Off-beat,Travel guide
https://club.kudozz.in/blog/gangasagar-travel-guide,gangasagar-travel-guide,"Gangasagar Travel Guide: Mela, Temple & How to Reach",Heritage,Travel guide
https://club.kudozz.in/blog/gangeshwar-temple-travel-guide,gangeshwar-temple-travel-guide,"Gangeshwar Temple, Diu: A Shiva Shrine Washed by the Sea",Heritage,Travel guide
https://club.kudozz.in/blog/gangotri-travel-guide,gangotri-travel-guide,"Gangotri Travel Guide: Temple, Gaumukh Trek & Tips",Heritage,Travel guide
https://club.kudozz.in/blog/gangtok-travel-guide,gangtok-travel-guide,"Gangtok Travel Guide: Sightseeing, Food & Tips",Destination Guide,Travel guide
https://club.kudozz.in/blog/ganpatipule-travel-guide,ganpatipule-travel-guide,"Ganpatipule Travel Guide: Beach, Temple & Konkan Coast",Beaches,Travel guide
https://club.kudozz.in/blog/garden-of-fragrance-chandigarh-travel-guide,garden-of-fragrance-chandigarh-travel-guide,Garden of Fragrance Chandigarh: Scented Plants & Braille Trail,Off-beat,Travel guide
https://club.kudozz.in/blog/gavi-travel-guide,gavi-travel-guide,"Gavi Travel Guide: Eco-Tourism, Forest Trails & Permits",Off-beat,Travel guide
https://club.kudozz.in/blog/gaya-travel-guide,gaya-travel-guide,Gaya Travel Guide: Vishnupad Temple & Pitru Paksha Pilgrimage,Heritage,Travel guide
https://club.kudozz.in/blog/ghatshila-travel-guide,ghatshila-travel-guide,Ghatshila Travel Guide: Subarnarekha River & Dalma Hills,Off-beat,Travel guide
https://club.kudozz.in/blog/ghoghla-beach-travel-guide,ghoghla-beach-travel-guide,Ghoghla Beach Diu: Water Sports & Camping Guide,Beaches,Travel guide
https://club.kudozz.in/blog/gir-national-park-travel-guide,gir-national-park-travel-guide,Gir National Park Travel Guide: Asiatic Lion Safari & Best Time,Adventure,Travel guide
https://club.kudozz.in/blog/goa-beaches-travel-guide,goa-beaches-travel-guide,"Goa Travel Guide: Best Beaches, North vs South & Itinerary",Beaches,Travel guide
https://club.kudozz.in/blog/gokarna-beaches-travel-guide,gokarna-beaches-travel-guide,"Gokarna Travel Guide: Best Beaches, Temples & Itinerary",Beaches,Travel guide
https://club.kudozz.in/blog/golconda-fort-travel-guide,golconda-fort-travel-guide,"Golconda Fort Guide: History, Sound Show & Tips",Heritage,Travel guide
https://club.kudozz.in/blog/golden-temple-travel-guide,golden-temple-travel-guide,"Golden Temple Guide: Timings, Langar & Tips",Heritage,Travel guide
https://club.kudozz.in/blog/golden-triangle-itinerary,golden-triangle-itinerary,"Golden Triangle Itinerary: Delhi, Agra and Jaipur in 5 Days",Heritage & Culture,Heritage article
https://club.kudozz.in/blog/gorumara-travel-guide,gorumara-travel-guide,"Gorumara National Park: Safari, Timings & Tips",Adventure,Travel guide
https://club.kudozz.in/blog/govardhan-travel-guide,govardhan-travel-guide,"Govardhan Travel Guide: Hill, Parikrama & Temples",Heritage,Travel guide
https://club.kudozz.in/blog/government-museum-chandigarh-travel-guide,government-museum-chandigarh-travel-guide,Government Museum Chandigarh: Gandhara Art & Miniatures,Heritage,Travel guide
https://club.kudozz.in/blog/grishneshwar-jyotirlinga,grishneshwar-jyotirlinga,Grishneshwar Jyotirlinga: Temple Guide near Ellora,Spiritual Tourism,Spiritual article
https://club.kudozz.in/blog/gujarat-heritage-itinerary,gujarat-heritage-itinerary,"Gujarat Heritage Itinerary: Ahmedabad, Patan, Kutch and Saurashtra",Heritage & Culture,Heritage article
https://club.kudozz.in/blog/gujarat-travel-guide,gujarat-travel-guide,"Gujarat Travel Guide: Rann of Kutch, Somnath & Gir National Park",Destination Guide,Travel guide
https://club.kudozz.in/blog/gulmarg-travel-guide,gulmarg-travel-guide,"Gulmarg Travel Guide: Gondola, Skiing & Meadows",Adventure,Travel guide
https://club.kudozz.in/blog/gurez-valley-travel-guide,gurez-valley-travel-guide,Gurez Valley Travel Guide: Kashmir's Hidden Border Valley,Off-beat,Travel guide
https://club.kudozz.in/blog/gurudongmar-lake-travel-guide,gurudongmar-lake-travel-guide,Gurudongmar Lake Guide: Permits & Altitude,Adventure,Travel guide
https://club.kudozz.in/blog/gurugram-travel-guide,gurugram-travel-guide,"Gurugram Travel Guide: Cyber City, Kingdom of Dreams & Malls",Destination Guide,Travel guide
https://club.kudozz.in/blog/guruvayur-travel-guide,guruvayur-travel-guide,"Guruvayur Temple Travel Guide: Darshan, Timings & How to Reach",Heritage,Travel guide
https://club.kudozz.in/blog/guwahati-travel-guide,guwahati-travel-guide,Guwahati Travel Guide: Brahmaputra Sunset Cruises & City Guide,Destination Guide,Travel guide
https://club.kudozz.in/blog/gwalior-travel-guide,gwalior-travel-guide,"Gwalior Fort Travel Guide: History, Timings & City Guide",Heritage,Travel guide
https://club.kudozz.in/blog/haflong-travel-guide,haflong-travel-guide,Haflong Travel Guide: Assam's Only Hill Station,Off-beat,Travel guide
https://club.kudozz.in/blog/hajo-travel-guide,hajo-travel-guide,Hajo Travel Guide: A Temple Town Sacred to Four Religions,Heritage,Travel guide
https://club.kudozz.in/blog/hampi-travel-guide,hampi-travel-guide,"Hampi Travel Guide: Ruins, Boulders, Temples & Tips",Heritage,Travel guide
https://club.kudozz.in/blog/handicrafts-of-india,handicrafts-of-india,"Handicrafts of India: Crafts, Artisan Villages and Where to Buy",Heritage & Culture,Heritage article
https://club.kudozz.in/blog/hanle-travel-guide,hanle-travel-guide,"Hanle Travel Guide: Dark Sky Reserve, Observatory & Stargazing",Off-beat,Travel guide
https://club.kudozz.in/blog/haridwar-travel-guide,haridwar-travel-guide,"Haridwar Travel Guide: Ganga Aarti, Ghats & Temples",Heritage,Travel guide
https://club.kudozz.in/blog/haryana-travel-guide,haryana-travel-guide,"Haryana Travel Guide: Kurukshetra, Surajkund & Panchkula",Destination Guide,Travel guide
https://club.kudozz.in/blog/hauz-khas-delhi-travel-guide,hauz-khas-delhi-travel-guide,"Hauz Khas Travel Guide: Village, Deer Park & Fort Ruins",Off-beat,Travel guide
https://club.kudozz.in/blog/havelock-island-andaman-travel-guide,havelock-island-andaman-travel-guide,Swaraj Dweep (Havelock Island) Travel Guide: Beaches & Diving,Beaches,Travel guide
https://club.kudozz.in/blog/hazaribagh-travel-guide,hazaribagh-travel-guide,Hazaribagh Travel Guide: Wildlife Sanctuary & Hazaribagh Lake,Off-beat,Travel guide
https://club.kudozz.in/blog/hemis-travel-guide,hemis-travel-guide,"Hemis Travel Guide: Monastery, Festival & Snow Leopard Country",Heritage,Travel guide
https://club.kudozz.in/blog/hemkund-sahib-yatra,hemkund-sahib-yatra,"Hemkund Sahib Yatra: Trek Route, Dates and Registration",Spiritual Tourism,Spiritual article
https://club.kudozz.in/blog/heritage-cities-in-india,heritage-cities-in-india,Heritage Cities in India: Old Cities Worth Exploring,Heritage & Culture,Heritage article
https://club.kudozz.in/blog/heritage-tourism-in-delhi,heritage-tourism-in-delhi,Heritage Tourism in Delhi: Monuments of the Seven Cities,Heritage & Culture,Heritage article
https://club.kudozz.in/blog/heritage-tourism-in-gujarat,heritage-tourism-in-gujarat,"Heritage Tourism in Gujarat: Stepwells, Harappan Cities and Old Ahmedabad",Heritage & Culture,Heritage article
https://club.kudozz.in/blog/heritage-tourism-in-karnataka,heritage-tourism-in-karnataka,"Heritage Tourism in Karnataka: Hampi, Hoysala Temples and Deccan Forts",Heritage & Culture,Heritage article
https://club.kudozz.in/blog/heritage-tourism-in-kerala,heritage-tourism-in-kerala,"Heritage Tourism in Kerala: Kochi, Palaces and Performing Arts",Heritage & Culture,Heritage article
https://club.kudozz.in/blog/heritage-tourism-in-madhya-pradesh,heritage-tourism-in-madhya-pradesh,"Heritage Tourism in Madhya Pradesh: Khajuraho, Gwalior, Orchha and Mandu",Heritage & Culture,Heritage article
https://club.kudozz.in/blog/heritage-tourism-in-maharashtra,heritage-tourism-in-maharashtra,"Heritage Tourism in Maharashtra: Caves, Forts and Mumbai's Architecture",Heritage & Culture,Heritage article
https://club.kudozz.in/blog/heritage-tourism-in-odisha,heritage-tourism-in-odisha,"Heritage Tourism in Odisha: Konark, Temple Towns and Living Crafts",Heritage & Culture,Heritage article
https://club.kudozz.in/blog/heritage-tourism-in-rajasthan,heritage-tourism-in-rajasthan,"Heritage Tourism in Rajasthan: Forts, Palaces and Painted Towns",Heritage & Culture,Heritage article
https://club.kudozz.in/blog/heritage-tourism-in-tamil-nadu,heritage-tourism-in-tamil-nadu,"Heritage Tourism in Tamil Nadu: Chola Temples, Mahabalipuram and Chettinad",Heritage & Culture,Heritage article
https://club.kudozz.in/blog/heritage-tourism-in-telangana,heritage-tourism-in-telangana,"Heritage Tourism in Telangana: Hyderabad, Golconda and Warangal",Heritage & Culture,Heritage article
https://club.kudozz.in/blog/heritage-tourism-in-uttar-pradesh,heritage-tourism-in-uttar-pradesh,"Heritage Tourism in Uttar Pradesh: Agra, Lucknow, Varanasi and Beyond",Heritage & Culture,Heritage article
https://club.kudozz.in/blog/heritage-tourism-in-west-bengal,heritage-tourism-in-west-bengal,"Heritage Tourism in West Bengal: Kolkata, Bishnupur, Murshidabad and Santiniketan",Heritage & Culture,Heritage article
https://club.kudozz.in/blog/heritage-walks-in-india,heritage-walks-in-india,Heritage Walks in India: Old City Walks Worth Taking,Heritage & Culture,Heritage article
https://club.kudozz.in/blog/himachal-pradesh-travel-guide,himachal-pradesh-travel-guide,"Himachal Pradesh Travel Guide: Shimla, Manali & Dharamshala",Destination Guide,Travel guide
https://club.kudozz.in/blog/hisar-travel-guide,hisar-travel-guide,Hisar Travel Guide: Firoz Shah Palace & Blackbuck Country,Destination Guide,Travel guide
https://club.kudozz.in/blog/historical-places-in-india,historical-places-in-india,Historical Places in India: Monuments and Heritage Destinations,Heritage & Culture,Heritage article
https://club.kudozz.in/blog/hmuifang-travel-guide,hmuifang-travel-guide,Hmuifang Guide: Paragliding & Views,Adventure,Travel guide
https://club.kudozz.in/blog/hogenakkal-travel-guide,hogenakkal-travel-guide,Hogenakkal Falls Guide: Boating & Best Time,Off-beat,Travel guide
https://club.kudozz.in/blog/hornbill-festival,hornbill-festival,"Hornbill Festival, Nagaland: Dates, Kisama and How to Visit",Heritage & Culture,Heritage article
https://club.kudozz.in/blog/horsley-hills-travel-guide,horsley-hills-travel-guide,Horsley Hills Travel Guide: A Quiet Hill Station in Rayalaseema,Off-beat,Travel guide
https://club.kudozz.in/blog/hot-air-balloon-rides-in-india,hot-air-balloon-rides-in-india,Hot Air Balloon Rides in India: Where and When to Fly,Adventure Travel,Adventure article
https://club.kudozz.in/blog/how-to-plan-a-heritage-trip-in-india,how-to-plan-a-heritage-trip-in-india,"How to Plan a Heritage Trip in India: Tickets, Guides and Timing",Heritage & Culture,Heritage article
https://club.kudozz.in/blog/how-to-plan-a-pilgrimage-in-india,how-to-plan-a-pilgrimage-in-india,"How to Plan a Pilgrimage in India: Routes, Stays and Darshan",Spiritual Tourism,Spiritual article
https://club.kudozz.in/blog/how-to-plan-a-tiger-safari-in-india,how-to-plan-a-tiger-safari-in-india,"How to Plan a Tiger Safari in India: Booking, Zones and Costs",Wildlife Tourism,Wildlife article
https://club.kudozz.in/blog/how-to-plan-a-wildlife-safari-in-india,how-to-plan-a-wildlife-safari-in-india,How to Plan a Wildlife Safari in India,Wildlife Tourism,Wildlife article
https://club.kudozz.in/blog/how-to-plan-an-adventure-trip-in-india,how-to-plan-an-adventure-trip-in-india,How to Plan an Adventure Trip in India,Adventure Travel,Adventure article
https://club.kudozz.in/blog/humayuns-tomb,humayuns-tomb,Humayun's Tomb: History and Visiting Guide,Heritage & Culture,Heritage article
https://club.kudozz.in/blog/hunder-travel-guide,hunder-travel-guide,Hunder Travel Guide: Nubra Valley's Sand Dunes & Camel Safari,Off-beat,Travel guide
https://club.kudozz.in/blog/hyderabad-travel-guide,hyderabad-travel-guide,"Hyderabad Travel Guide: Charminar, Golconda & Food",Destination Guide,Travel guide
https://club.kudozz.in/blog/imphal-travel-guide,imphal-travel-guide,Imphal Travel Guide: Kangla Fort & Ima Keithel Market,Destination Guide,Travel guide
https://club.kudozz.in/blog/indore-travel-guide,indore-travel-guide,"Indore Travel Guide: Sarafa Bazaar, Rajwada & Street Food Capital",Destination Guide,Travel guide
https://club.kudozz.in/blog/international-dolls-museum-chandigarh-travel-guide,international-dolls-museum-chandigarh-travel-guide,International Dolls Museum Chandigarh: Visit Guide,Off-beat,Travel guide
https://club.kudozz.in/blog/itanagar-travel-guide,itanagar-travel-guide,Itanagar Travel Guide: Arunachal Pradesh's Capital City,Destination Guide,Travel guide
https://club.kudozz.in/blog/jabalpur-travel-guide,jabalpur-travel-guide,"Jabalpur Travel Guide: Marble Rocks, Dhuandhar Falls & Bhedaghat",Destination Guide,Travel guide
https://club.kudozz.in/blog/jagdalpur-travel-guide,jagdalpur-travel-guide,Jagdalpur Travel Guide: Gateway to Bastar's Waterfalls & Tribal Culture,Destination Guide,Travel guide
https://club.kudozz.in/blog/jageshwar-travel-guide,jageshwar-travel-guide,Jageshwar Temple Travel Guide: History & Visit Tips,Heritage,Travel guide
https://club.kudozz.in/blog/jain-pilgrimage-in-india,jain-pilgrimage-in-india,"Jain Pilgrimage in India: Tirthas, Temples and How to Visit",Spiritual Tourism,Spiritual article
https://club.kudozz.in/blog/jaipur-travel-guide,jaipur-travel-guide,"Jaipur Travel Guide: Amber Fort, Hawa Mahal & Tips",Destination Guide,Travel guide
https://club.kudozz.in/blog/jammu-kashmir-travel-guide,jammu-kashmir-travel-guide,"Jammu & Kashmir Travel Guide: Srinagar, Gulmarg & Pahalgam",Destination Guide,Travel guide
https://club.kudozz.in/blog/jammu-travel-guide,jammu-travel-guide,"Jammu Travel Guide: Temples, Forts & Winter Capital",Heritage,Travel guide
https://club.kudozz.in/blog/jampore-beach-travel-guide,jampore-beach-travel-guide,"Jampore Beach Daman: Camel Rides, Timings & Tips",Beaches,Travel guide
https://club.kudozz.in/blog/jampui-hills-travel-guide,jampui-hills-travel-guide,Jampui Hills Travel Guide: Orange Orchards & Tips,Off-beat,Travel guide
https://club.kudozz.in/blog/jamshedpur-travel-guide,jamshedpur-travel-guide,"Jamshedpur Travel Guide: Jubilee Park, Dimna Lake & Steel City",Destination Guide,Travel guide
https://club.kudozz.in/blog/janakpuri-delhi-travel-guide,janakpuri-delhi-travel-guide,"Janakpuri Delhi Guide: Parks, Markets & Transport",Destination Guide,Travel guide
https://club.kudozz.in/blog/japanese-garden-chandigarh-travel-guide,japanese-garden-chandigarh-travel-guide,"Japanese Garden Chandigarh: Pagodas, Ponds & Best Time",Off-beat,Travel guide
https://club.kudozz.in/blog/jawai-travel-guide,jawai-travel-guide,Jawai Travel Guide: Leopard Hills & Rabari Villages,Adventure,Travel guide
https://club.kudozz.in/blog/jeypore-travel-guide,jeypore-travel-guide,Jeypore Travel Guide: Tribal Heritage & Tips,Off-beat,Travel guide
https://club.kudozz.in/blog/jhansi-travel-guide,jhansi-travel-guide,Jhansi Travel Guide: Rani Lakshmibai's Fort,Heritage,Travel guide
https://club.kudozz.in/blog/jhargram-travel-guide,jhargram-travel-guide,"Jhargram Travel Guide: Forests, Palace & Deer Park",Off-beat,Travel guide
https://club.kudozz.in/blog/jharkhand-travel-guide,jharkhand-travel-guide,"Jharkhand Travel Guide: Netarhat, Betla National Park & Waterfalls",Off-beat,Travel guide
https://club.kudozz.in/blog/jibhi-travel-guide,jibhi-travel-guide,"Jibhi Travel Guide: Waterfalls, Cafes & Himachal's Quiet Village",Off-beat,Travel guide
https://club.kudozz.in/blog/jim-corbett-travel-guide,jim-corbett-travel-guide,"Jim Corbett National Park: Safari, Zones & Tips",Adventure,Travel guide
https://club.kudozz.in/blog/jodhpur-travel-guide,jodhpur-travel-guide,Jodhpur Travel Guide: Mehrangarh Fort & Blue City,Destination Guide,Travel guide
https://club.kudozz.in/blog/jog-falls-travel-guide,jog-falls-travel-guide,Jog Falls Travel Guide: India's Tallest Plunge Waterfall,Off-beat,Travel guide
https://club.kudozz.in/blog/jolly-buoy-island-andaman-travel-guide,jolly-buoy-island-andaman-travel-guide,Jolly Buoy Island Andaman: Marine Park Visit Guide,Adventure,Travel guide
https://club.kudozz.in/blog/jorhat-travel-guide,jorhat-travel-guide,Jorhat Travel Guide: Tea Estates & Gateway to Majuli,Destination Guide,Travel guide
https://club.kudozz.in/blog/jowai-travel-guide,jowai-travel-guide,Jowai Travel Guide: Jaintia Hills & Tips,Off-beat,Travel guide
https://club.kudozz.in/blog/junagadh-girnar-travel-guide,junagadh-girnar-travel-guide,"Junagadh & Girnar Travel Guide: 10,000 Steps to Jain & Hindu Shrines",Trekking,Travel guide
https://club.kudozz.in/blog/jyotirlinga-yatra,jyotirlinga-yatra,"Jyotirlinga Yatra: Routes, Itineraries and Planning",Spiritual Tourism,Spiritual article
https://club.kudozz.in/blog/jyotirlingas-in-maharashtra,jyotirlingas-in-maharashtra,"Jyotirlingas in Maharashtra: Trimbakeshwar, Bhimashankar, Grishneshwar and More",Spiritual Tourism,Spiritual article
https://club.kudozz.in/blog/kaas-plateau-travel-guide,kaas-plateau-travel-guide,Kaas Plateau Travel Guide: The Valley of Flowers of Maharashtra,Off-beat,Travel guide
https://club.kudozz.in/blog/kabini-travel-guide,kabini-travel-guide,Kabini Travel Guide: Wildlife Safari & Backwater Boat Rides,Adventure,Travel guide
https://club.kudozz.in/blog/kalimpong-travel-guide,kalimpong-travel-guide,"Kalimpong Travel Guide: Monasteries, Flowers & Views",Destination Guide,Travel guide
https://club.kudozz.in/blog/kalipur-andaman-travel-guide,kalipur-andaman-travel-guide,"Kalipur Beach Travel Guide: Turtles, Saddle Peak & Tips",Off-beat,Travel guide
https://club.kudozz.in/blog/kamakhya-travel-guide,kamakhya-travel-guide,Kamakhya Temple Travel Guide: Shakti Peetha & Ambubachi Mela,Heritage,Travel guide
https://club.kudozz.in/blog/kanchipuram-travel-guide,kanchipuram-travel-guide,Kanchipuram Travel Guide: Temples & Silk Sarees,Heritage,Travel guide
https://club.kudozz.in/blog/kanger-valley-travel-guide,kanger-valley-travel-guide,"Kanger Valley National Park Travel Guide: Caves, Falls & Wildlife",Adventure,Travel guide
https://club.kudozz.in/blog/kangpokpi-travel-guide,kangpokpi-travel-guide,Kangpokpi Travel Guide: Pineapple Hills Near Imphal,Off-beat,Travel guide
https://club.kudozz.in/blog/kanha-travel-guide,kanha-travel-guide,"Kanha National Park: Tiger Safari Guide, Zones & Best Time",Adventure,Travel guide
https://club.kudozz.in/blog/kanker-travel-guide,kanker-travel-guide,Kanker Travel Guide: Palace Stays & Gateway to Interior Bastar,Off-beat,Travel guide
https://club.kudozz.in/blog/kannauj-travel-guide,kannauj-travel-guide,Kannauj Travel Guide: India's Perfume Capital,Off-beat,Travel guide
https://club.kudozz.in/blog/kannur-travel-guide,kannur-travel-guide,"Kannur Travel Guide: Theyyam, Beaches & Handloom Heritage",Off-beat,Travel guide
https://club.kudozz.in/blog/kanyakumari-travel-guide,kanyakumari-travel-guide,"Kanyakumari Travel Guide: Sunrise, Sunset & Tips",Heritage,Travel guide
https://club.kudozz.in/blog/kapurthala-travel-guide,kapurthala-travel-guide,Kapurthala Travel Guide: The Paris of Punjab,Heritage,Travel guide
https://club.kudozz.in/blog/karaikal-district-travel-guide,karaikal-district-travel-guide,"Karaikal District Travel Guide: Temples, Beach & Cauvery Delta",Destination Guide,Travel guide
https://club.kudozz.in/blog/kargil-travel-guide,kargil-travel-guide,Kargil Travel Guide: Gateway to Zanskar & the Srinagar-Leh Highway,Heritage,Travel guide
https://club.kudozz.in/blog/karnataka-travel-guide,karnataka-travel-guide,"Karnataka Travel Guide: Bangalore, Mysore & Hampi",Destination Guide,Travel guide
https://club.kudozz.in/blog/karol-bagh-delhi-travel-guide,karol-bagh-delhi-travel-guide,"Karol Bagh Travel Guide: Shopping, Markets & Budget Hotels",Off-beat,Travel guide
https://club.kudozz.in/blog/kasauli-travel-guide,kasauli-travel-guide,Kasauli Travel Guide: Quiet Cantonment Hill Town Near Chandigarh,Off-beat,Travel guide
https://club.kudozz.in/blog/kashmere-gate-delhi-travel-guide,kashmere-gate-delhi-travel-guide,"Kashmere Gate Travel Guide: History, 1857 Sites & the ISBT Hub",Heritage,Travel guide
https://club.kudozz.in/blog/kasol-kheerganga-trek-travel-guide,kasol-kheerganga-trek-travel-guide,Kasol & Kheerganga: The Backpacker's Himalayan Trail,Trekking,Travel guide
https://club.kudozz.in/blog/katra-travel-guide,katra-travel-guide,"Katra & Vaishno Devi Yatra Guide: Route, Tips & Stay",Heritage,Travel guide
https://club.kudozz.in/blog/kausani-travel-guide,kausani-travel-guide,Kausani Travel Guide: Himalayan Views & Tea Gardens,Destination Guide,Travel guide
https://club.kudozz.in/blog/kavaratti-island-travel-guide,kavaratti-island-travel-guide,"Kavaratti Island Travel Guide: Lagoon, Diving & Ujra Mosque",Destination Guide,Travel guide
https://club.kudozz.in/blog/kawal-tiger-reserve-travel-guide,kawal-tiger-reserve-travel-guide,Kawal Tiger Reserve: Safari Guide & Tips,Adventure,Travel guide
https://club.kudozz.in/blog/kawardha-travel-guide,kawardha-travel-guide,Kawardha Travel Guide: Palace Town & Bhoramdeo Gateway,Destination Guide,Travel guide
https://club.kudozz.in/blog/kayaking-in-india,kayaking-in-india,"Kayaking in India: Rivers, Lakes, Backwaters and Mangroves",Adventure Travel,Adventure article
https://club.kudozz.in/blog/kaziranga-travel-guide,kaziranga-travel-guide,Kaziranga National Park Travel Guide: One-Horned Rhino Safari,Adventure,Travel guide
https://club.kudozz.in/blog/kedarnath-badrinath-yatra,kedarnath-badrinath-yatra,Kedarnath and Badrinath Yatra (Do Dham): Route and Itinerary,Spiritual Tourism,Spiritual article
https://club.kudozz.in/blog/kedarnath-travel-guide,kedarnath-travel-guide,"Kedarnath Travel Guide: Trek, Yatra & Helicopter Tips",Heritage,Travel guide
https://club.kudozz.in/blog/keibul-lamjao-travel-guide,keibul-lamjao-travel-guide,Keibul Lamjao National Park Guide: Floating Park & Sangai Deer,Off-beat,Travel guide
https://club.kudozz.in/blog/kerala-backwaters-travel-guide,kerala-backwaters-travel-guide,"Kerala Backwaters Guide: Houseboats, Routes, Villages & Tips",Off-beat,Travel guide
https://club.kudozz.in/blog/khajjiar-travel-guide,khajjiar-travel-guide,Khajjiar Travel Guide: Mini Switzerland of India,Off-beat,Travel guide
https://club.kudozz.in/blog/khajuraho-travel-guide,khajuraho-travel-guide,"Khajuraho Temples Travel Guide: History, Timings & Best Time to Visit",Heritage,Travel guide
https://club.kudozz.in/blog/khanvel-travel-guide,khanvel-travel-guide,Khanvel Travel Guide: Gardens & Nature Escape,Off-beat,Travel guide
https://club.kudozz.in/blog/khardung-la-travel-guide,khardung-la-travel-guide,"Khardung La Travel Guide: Height, Route, Permits & Tips",Adventure,Travel guide
https://club.kudozz.in/blog/khatu-shyam-ji-travel-guide,khatu-shyam-ji-travel-guide,Khatu Shyam Ji Guide: Temple & Best Time,Heritage,Travel guide
https://club.kudozz.in/blog/khecheopalri-lake-travel-guide,khecheopalri-lake-travel-guide,Khecheopalri Lake Guide: The Wishing Lake,Heritage,Travel guide
https://club.kudozz.in/blog/khonoma-travel-guide,khonoma-travel-guide,Khonoma Guide: India's First Green Village,Off-beat,Travel guide
https://club.kudozz.in/blog/kinnaur-travel-guide,kinnaur-travel-guide,"Kinnaur Travel Guide: Apple Orchards, Kinner Kailash & Sangla Valley",Off-beat,Travel guide
https://club.kudozz.in/blog/kisama-travel-guide,kisama-travel-guide,Kisama Guide: Hornbill Festival Heritage Village,Heritage,Travel guide
https://club.kudozz.in/blog/kochi-travel-guide,kochi-travel-guide,"Kochi Travel Guide: Fort Kochi, Chinese Nets & 3-Day Itinerary",Destination Guide,Travel guide
https://club.kudozz.in/blog/kodaikanal-travel-guide,kodaikanal-travel-guide,"Kodaikanal Travel Guide: Lake, Views & Tips",Destination Guide,Travel guide
https://club.kudozz.in/blog/kohima-travel-guide,kohima-travel-guide,Kohima Travel Guide: War Cemetery & History,Destination Guide,Travel guide
https://club.kudozz.in/blog/kolhapur-travel-guide,kolhapur-travel-guide,"Kolhapur Travel Guide: Mahalaxmi Temple, Palace & Kolhapuri Food",Heritage,Travel guide
https://club.kudozz.in/blog/kolkata-travel-guide,kolkata-travel-guide,"Kolkata Travel Guide: Heritage, Food & Culture",Destination Guide,Travel guide
https://club.kudozz.in/blog/kolli-hills-travel-guide,kolli-hills-travel-guide,Kolli Hills Travel Guide: 70 Hairpin Bends & Tips,Off-beat,Travel guide
https://club.kudozz.in/blog/konark-travel-guide,konark-travel-guide,Konark Sun Temple Guide: History & Tips,Heritage,Travel guide
https://club.kudozz.in/blog/koraput-travel-guide,koraput-travel-guide,Koraput Travel Guide: Tribal Culture & Coffee,Off-beat,Travel guide
https://club.kudozz.in/blog/kovalam-travel-guide,kovalam-travel-guide,"Kovalam Travel Guide: Lighthouse Beach, Ayurveda & Itinerary",Beaches,Travel guide
https://club.kudozz.in/blog/krang-suri-falls-travel-guide,krang-suri-falls-travel-guide,Krang Suri Falls Guide: Best Time & Tips,Off-beat,Travel guide
https://club.kudozz.in/blog/kullu-travel-guide,kullu-travel-guide,Kullu Travel Guide: Valley of Gods & International Dussehra,Destination Guide,Travel guide
https://club.kudozz.in/blog/kumarakom-travel-guide,kumarakom-travel-guide,"Kumarakom Travel Guide: Vembanad Lake, Bird Sanctuary & Houseboats",Destination Guide,Travel guide
https://club.kudozz.in/blog/kumbh-mela,kumbh-mela,"Kumbh Mela: The Four Sites, the Cycle and the Next Melas",Spiritual Tourism,Spiritual article
https://club.kudozz.in/blog/kumbhalgarh-travel-guide,kumbhalgarh-travel-guide,Kumbhalgarh Fort Guide: The Great Wall of India,Heritage,Travel guide
https://club.kudozz.in/blog/kuno-travel-guide,kuno-travel-guide,"Kuno National Park Travel Guide: Cheetahs, Safaris & Best Time",Adventure,Travel guide
https://club.kudozz.in/blog/kuntala-waterfall-travel-guide,kuntala-waterfall-travel-guide,Kuntala Waterfall Guide: Telangana's Tallest Falls,Off-beat,Travel guide
https://club.kudozz.in/blog/kurukshetra-travel-guide,kurukshetra-travel-guide,Kurukshetra Travel Guide: Bhagavad Gita's Battlefield & Brahma Sarovar,Heritage,Travel guide
https://club.kudozz.in/blog/kushinagar-travel-guide,kushinagar-travel-guide,Kushinagar Travel Guide: Buddha's Final Resting Place,Heritage,Travel guide
https://club.kudozz.in/blog/lachen-travel-guide,lachen-travel-guide,Lachen Travel Guide: Gateway to Gurudongmar,Off-beat,Travel guide
https://club.kudozz.in/blog/lachung-travel-guide,lachung-travel-guide,Lachung Travel Guide: Gateway to Yumthang,Off-beat,Travel guide
https://club.kudozz.in/blog/laitlum-canyons-travel-guide,laitlum-canyons-travel-guide,Laitlum Canyons Guide: Meghalaya's Grand Canyon,Off-beat,Travel guide
https://club.kudozz.in/blog/lajpat-nagar-delhi-travel-guide,lajpat-nagar-delhi-travel-guide,Lajpat Nagar Travel Guide: Central Market & More,Off-beat,Travel guide
https://club.kudozz.in/blog/laknavaram-travel-guide,laknavaram-travel-guide,"Laknavaram Lake Guide: Bridge, Boating & Tips",Off-beat,Travel guide
https://club.kudozz.in/blog/lakshadweep-island-travel-guide,lakshadweep-island-travel-guide,"Lakshadweep Travel Guide: Permits, Islands & Best Time to Visit",Destination Guide,Travel guide
https://club.kudozz.in/blog/lamayuru-travel-guide,lamayuru-travel-guide,"Lamayuru Travel Guide: Moonland, Monastery & How to Visit",Heritage,Travel guide
https://club.kudozz.in/blog/lambasingi-travel-guide,lambasingi-travel-guide,Lambasingi Travel Guide: The Kashmir of Andhra Pradesh,Off-beat,Travel guide
https://club.kudozz.in/blog/lansdowne-travel-guide,lansdowne-travel-guide,"Lansdowne: Quiet Hills, Bhulla Lake & a Complete Visit Guide",Off-beat,Travel guide
https://club.kudozz.in/blog/laxmi-nagar-delhi-travel-guide,laxmi-nagar-delhi-travel-guide,"Laxmi Nagar, Delhi: Market, Coaching Hub & Local Food Guide",Off-beat,Travel guide
https://club.kudozz.in/blog/le-corbusier-centre-chandigarh-travel-guide,le-corbusier-centre-chandigarh-travel-guide,Le Corbusier Centre Chandigarh: Museum Visit Guide,Heritage,Travel guide
https://club.kudozz.in/blog/leh-ladakh-road-trip-travel-guide,leh-ladakh-road-trip-travel-guide,"Leh Ladakh Road Trip Guide: Routes, Permits, Passes & Tips",Road Trip,Travel guide
https://club.kudozz.in/blog/leh-travel-guide,leh-travel-guide,"Leh Travel Guide: Leh Palace, Market, Shanti Stupa & Tips",Destination Guide,Travel guide
https://club.kudozz.in/blog/leisure-valley-chandigarh-travel-guide,leisure-valley-chandigarh-travel-guide,Leisure Valley Chandigarh: The City's Green Corridor Guide,Destination Guide,Travel guide
https://club.kudozz.in/blog/leopard-safari-in-india,leopard-safari-in-india,"Leopard Safari in India: Jawai, Jhalana, Kabini and More",Wildlife Tourism,Wildlife article
https://club.kudozz.in/blog/little-andaman-travel-guide,little-andaman-travel-guide,"Little Andaman Travel Guide: Butler Bay, Surfing & Tips",Off-beat,Travel guide
https://club.kudozz.in/blog/lodhi-garden-delhi-travel-guide,lodhi-garden-delhi-travel-guide,"Lodhi Garden: Delhi's Tombs, Timings & Complete Visit Guide",Heritage,Travel guide
https://club.kudozz.in/blog/loktak-lake-travel-guide,loktak-lake-travel-guide,"Loktak Lake Travel Guide: Phumdis, Sendra & Boating",Off-beat,Travel guide
https://club.kudozz.in/blog/lonavala-travel-guide,lonavala-travel-guide,"Lonavala Travel Guide: Waterfalls, Caves & Monsoon Getaway",Destination Guide,Travel guide
https://club.kudozz.in/blog/long-island-andaman-travel-guide,long-island-andaman-travel-guide,Long Island Andaman: Lalaji Bay Beach Travel Guide,Off-beat,Travel guide
https://club.kudozz.in/blog/longtharai-valley-travel-guide,longtharai-valley-travel-guide,Longtharai Valley Travel Guide: Tips & How to Reach,Off-beat,Travel guide
https://club.kudozz.in/blog/longwa-travel-guide,longwa-travel-guide,Longwa Village Guide: India-Myanmar Border,Off-beat,Travel guide
https://club.kudozz.in/blog/lothal,lothal,Lothal: Harappan Port Town and Visiting Guide,Heritage & Culture,Heritage article
https://club.kudozz.in/blog/lucknow-travel-guide,lucknow-travel-guide,Lucknow Travel Guide: Nawabi Heritage & Food,Destination Guide,Travel guide
https://club.kudozz.in/blog/madhuban-dam-travel-guide,madhuban-dam-travel-guide,"Madhuban Dam Travel Guide: Reservoir, Viewpoint & Picnic Spot",Off-beat,Travel guide
https://club.kudozz.in/blog/madhubani-travel-guide,madhubani-travel-guide,Madhubani Travel Guide: The Town Behind India's Famous Folk Art,Heritage,Travel guide
https://club.kudozz.in/blog/madhya-pradesh-heritage-itinerary,madhya-pradesh-heritage-itinerary,"Madhya Pradesh Heritage Itinerary: Gwalior, Orchha, Khajuraho, Sanchi and Mandu",Heritage & Culture,Heritage article
https://club.kudozz.in/blog/madhya-pradesh-travel-guide,madhya-pradesh-travel-guide,"Madhya Pradesh Travel Guide: Khajuraho, Bandhavgarh & Gwalior Fort",Destination Guide,Travel guide
https://club.kudozz.in/blog/madurai-travel-guide,madurai-travel-guide,Madurai Travel Guide: Meenakshi Temple & Tips,Heritage,Travel guide
https://club.kudozz.in/blog/mahabaleshwar-travel-guide,mahabaleshwar-travel-guide,"Mahabaleshwar Travel Guide: Viewpoints, Strawberries & Itinerary",Destination Guide,Travel guide
https://club.kudozz.in/blog/mahabalipuram-travel-guide,mahabalipuram-travel-guide,Mahabalipuram Travel Guide: Shore Temples & Tips,Heritage,Travel guide
https://club.kudozz.in/blog/maharashtra-travel-guide,maharashtra-travel-guide,"Maharashtra Travel Guide: Mumbai, Ajanta-Ellora & Konkan Coast",Destination Guide,Travel guide
https://club.kudozz.in/blog/mahe-district-travel-guide,mahe-district-travel-guide,"Mahe District Travel Guide: Riverfront, Church & Malabar Coast",Destination Guide,Travel guide
https://club.kudozz.in/blog/mainpat-travel-guide,mainpat-travel-guide,Mainpat Travel Guide: Chhattisgarh's Tibetan Plateau Retreat,Off-beat,Travel guide
https://club.kudozz.in/blog/majnu-ka-tilla-delhi-travel-guide,majnu-ka-tilla-delhi-travel-guide,Majnu Ka Tilla Guide: Delhi's Tibetan Colony,Off-beat,Travel guide
https://club.kudozz.in/blog/majuli-travel-guide,majuli-travel-guide,Majuli Travel Guide: The World's Largest River Island,Off-beat,Travel guide
https://club.kudozz.in/blog/manali-travel-guide,manali-travel-guide,"Manali Travel Guide: Top Places, Itinerary & Insider Tips",Destination Guide,Travel guide
https://club.kudozz.in/blog/manas-travel-guide,manas-travel-guide,Manas National Park Travel Guide: Tiger Reserve & UNESCO Site,Adventure,Travel guide
https://club.kudozz.in/blog/mandarmani-travel-guide,mandarmani-travel-guide,Mandarmani Travel Guide: Beach Drive & Resorts,Beaches,Travel guide
https://club.kudozz.in/blog/mandawa-travel-guide,mandawa-travel-guide,Mandawa Travel Guide: Shekhawati Havelis & Tips,Heritage,Travel guide
https://club.kudozz.in/blog/mandrem-travel-guide,mandrem-travel-guide,Mandrem Beach Travel Guide: Yoga Retreats & River-Meets-Sea Views,Beaches,Travel guide
https://club.kudozz.in/blog/mandu-travel-guide,mandu-travel-guide,"Mandu Travel Guide: Jahaz Mahal, Monsoon Palaces & Afghan Ruins",Heritage,Travel guide
https://club.kudozz.in/blog/mandvi-travel-guide,mandvi-travel-guide,"Mandvi Travel Guide: Beach, Shipbuilding Yards & Vijay Vilas Palace",Beaches,Travel guide
https://club.kudozz.in/blog/mangaluru-travel-guide,mangaluru-travel-guide,"Mangaluru Travel Guide: Beaches, Temples & Coastal Cuisine",Destination Guide,Travel guide
https://club.kudozz.in/blog/manipur-travel-guide,manipur-travel-guide,"Manipur Travel Guide: Loktak Lake, Imphal & Kangla Fort",Off-beat,Travel guide
https://club.kudozz.in/blog/maredumilli-travel-guide,maredumilli-travel-guide,Maredumilli Travel Guide: Rainforest Eco-Tourism in the Eastern Ghats,Off-beat,Travel guide
https://club.kudozz.in/blog/massanjore-travel-guide,massanjore-travel-guide,Massanjore Dam Travel Guide: Mayurakshi Reservoir & Day Trip Guide,Off-beat,Travel guide
https://club.kudozz.in/blog/matheran-travel-guide,matheran-travel-guide,Matheran Travel Guide: India's Only Vehicle-Free Hill Station,Off-beat,Travel guide
https://club.kudozz.in/blog/mathura-travel-guide,mathura-travel-guide,Mathura Travel Guide: Krishna Janmabhoomi & Temples,Heritage,Travel guide
https://club.kudozz.in/blog/mawlynnong-travel-guide,mawlynnong-travel-guide,Mawlynnong Guide: India's Cleanest Village,Off-beat,Travel guide
https://club.kudozz.in/blog/mawphanlur-travel-guide,mawphanlur-travel-guide,Mawphanlur Guide: Grasslands & Camping,Off-beat,Travel guide
https://club.kudozz.in/blog/mayabunder-andaman-travel-guide,mayabunder-andaman-travel-guide,Mayabunder Travel Guide: Interview Island & Karmatang Beach,Off-beat,Travel guide
https://club.kudozz.in/blog/mayapur-travel-guide,mayapur-travel-guide,Mayapur Travel Guide: ISKCON Temple & Visit Tips,Heritage,Travel guide
https://club.kudozz.in/blog/mechuka-travel-guide,mechuka-travel-guide,Mechuka Travel Guide: A Hidden Valley on the Tibet Border,Off-beat,Travel guide
https://club.kudozz.in/blog/medaram-travel-guide,medaram-travel-guide,Medaram Jatara Guide: Sammakka Saralamma Festival,Heritage,Travel guide
https://club.kudozz.in/blog/meghalaya-travel-guide,meghalaya-travel-guide,"Meghalaya Travel Guide: Living Root Bridges, Cherrapunji & More",Off-beat,Travel guide
https://club.kudozz.in/blog/meghamalai-travel-guide,meghamalai-travel-guide,Meghamalai Guide: High Wavy Mountains & Tips,Off-beat,Travel guide
https://club.kudozz.in/blog/mehrangarh-fort,mehrangarh-fort,"Mehrangarh Fort, Jodhpur: History and Visiting Guide",Heritage & Culture,Heritage article
https://club.kudozz.in/blog/mehrauli-delhi-travel-guide,mehrauli-delhi-travel-guide,Mehrauli Travel Guide: Qutub Minar & Ancient Delhi,Heritage,Travel guide
https://club.kudozz.in/blog/mirzapur-travel-guide,mirzapur-travel-guide,"Mirzapur Travel Guide: Temples, Fort & Waterfalls",Off-beat,Travel guide
https://club.kudozz.in/blog/mizoram-travel-guide,mizoram-travel-guide,"Mizoram Travel Guide: Aizawl, Reiek & Vantawng Falls",Off-beat,Travel guide
https://club.kudozz.in/blog/mohali-travel-guide,mohali-travel-guide,"Mohali Travel Guide: Cricket, Stay & Tips",Destination Guide,Travel guide
https://club.kudozz.in/blog/moirang-travel-guide,moirang-travel-guide,Moirang Travel Guide: INA Memorial & Loktak Lake Gateway,Heritage,Travel guide
https://club.kudozz.in/blog/mokokchung-travel-guide,mokokchung-travel-guide,Mokokchung Guide: Ao Naga Heartland,Heritage,Travel guide
https://club.kudozz.in/blog/mollem-travel-guide,mollem-travel-guide,Mollem National Park Travel Guide: Wildlife & Waterfalls Near Dudhsagar,Adventure,Travel guide
https://club.kudozz.in/blog/mon-travel-guide,mon-travel-guide,Mon Travel Guide: Konyak Naga Heritage,Off-beat,Travel guide
https://club.kudozz.in/blog/monsoon-treks-in-india,monsoon-treks-in-india,Monsoon Treks in India: Rain-Shadow Himalaya and Sahyadri Trails,Adventure Travel,Adventure article
https://club.kudozz.in/blog/moreh-travel-guide,moreh-travel-guide,Moreh Travel Guide: India's Border Town to Myanmar,Off-beat,Travel guide
https://club.kudozz.in/blog/morjim-travel-guide,morjim-travel-guide,Morjim Beach Travel Guide: Turtle Nesting & Quiet North Goa,Beaches,Travel guide
https://club.kudozz.in/blog/morni-hills-travel-guide,morni-hills-travel-guide,Morni Hills Travel Guide: Haryana's Only Hill Station,Off-beat,Travel guide
https://club.kudozz.in/blog/moti-daman-fort-travel-guide,moti-daman-fort-travel-guide,"Moti Daman Fort: The Fort of St. Jerome, Bastion by Bastion",Heritage,Travel guide
https://club.kudozz.in/blog/moti-daman-travel-guide,moti-daman-travel-guide,"Moti Daman Travel Guide: Old Town, Churches & Fort",Heritage,Travel guide
https://club.kudozz.in/blog/mount-abu-travel-guide,mount-abu-travel-guide,Mount Abu Travel Guide: Dilwara Temples & Tips,Destination Guide,Travel guide
https://club.kudozz.in/blog/mount-manipur-andaman-travel-guide,mount-manipur-andaman-travel-guide,Mount Manipur (Mount Harriet) Travel Guide: Trek & Views,Trekking,Travel guide
https://club.kudozz.in/blog/mount-saramati-travel-guide,mount-saramati-travel-guide,Mount Saramati Trek: Nagaland's Highest Peak,Trekking,Travel guide
https://club.kudozz.in/blog/mountain-biking-in-india,mountain-biking-in-india,"Mountain Biking in India: Trails, Routes and Seasons",Adventure Travel,Adventure article
https://club.kudozz.in/blog/mountain-railways-of-india,mountain-railways-of-india,Mountain Railways of India: The UNESCO Toy Trains and Other Heritage Journeys,Heritage & Culture,Heritage article
https://club.kudozz.in/blog/mountaineering-in-india,mountaineering-in-india,"Mountaineering in India: Courses, Institutes and First Peaks",Adventure Travel,Adventure article
https://club.kudozz.in/blog/mughal-monuments-in-india,mughal-monuments-in-india,Mughal Monuments in India: A Heritage Trail,Heritage & Culture,Heritage article
https://club.kudozz.in/blog/mukteshwar-travel-guide,mukteshwar-travel-guide,"Mukteshwar Travel Guide: Views, Orchards & Adventure",Adventure,Travel guide
https://club.kudozz.in/blog/mukutmanipur-travel-guide,mukutmanipur-travel-guide,"Mukutmanipur Travel Guide: Dam, Boating & Tips",Off-beat,Travel guide
https://club.kudozz.in/blog/mumbai-travel-guide,mumbai-travel-guide,"Mumbai Travel Guide: Gateway of India, Marine Drive & Bollywood",Destination Guide,Travel guide
https://club.kudozz.in/blog/munnar-travel-guide,munnar-travel-guide,"Munnar Travel Guide: Tea Gardens, Viewpoints & Best Time to Visit",Destination Guide,Travel guide
https://club.kudozz.in/blog/munroe-island-travel-guide,munroe-island-travel-guide,Munroe Island Travel Guide: Backwater Canoeing & Village Life,Off-beat,Travel guide
https://club.kudozz.in/blog/munsiyari-travel-guide,munsiyari-travel-guide,Munsiyari Travel Guide: Panchachuli Views & Treks,Off-beat,Travel guide
https://club.kudozz.in/blog/murlen-travel-guide,murlen-travel-guide,Murlen National Park: Biodiversity & Tips,Adventure,Travel guide
https://club.kudozz.in/blog/murshidabad-travel-guide,murshidabad-travel-guide,Murshidabad Travel Guide: Hazarduari & Nawabi History,Heritage,Travel guide
https://club.kudozz.in/blog/murthal-travel-guide,murthal-travel-guide,Murthal Travel Guide: The Parathas That Built a Highway Legend,Destination Guide,Travel guide
https://club.kudozz.in/blog/mussoorie-travel-guide,mussoorie-travel-guide,"Mussoorie Travel Guide: Mall Road, Views & Tips",Destination Guide,Travel guide
https://club.kudozz.in/blog/mysuru-travel-guide,mysuru-travel-guide,"Mysuru Travel Guide: Mysore Palace, Dasara & City Guide",Heritage,Travel guide
https://club.kudozz.in/blog/nagaland-travel-guide,nagaland-travel-guide,"Nagaland Travel Guide: Hornbill Festival, Kohima & Dzukou Valley",Off-beat,Travel guide
https://club.kudozz.in/blog/nagarjuna-sagar-travel-guide,nagarjuna-sagar-travel-guide,"Nagarjuna Sagar Guide: Dam, Island & Tips",Off-beat,Travel guide
https://club.kudozz.in/blog/nageshwar-jyotirlinga,nageshwar-jyotirlinga,Nageshwar Jyotirlinga: Temple Guide near Dwarka,Spiritual Tourism,Spiritual article
https://club.kudozz.in/blog/nagoa-beach-travel-guide,nagoa-beach-travel-guide,"Nagoa Beach Diu: Water Sports, Timings & Tips",Beaches,Travel guide
https://club.kudozz.in/blog/naida-caves-travel-guide,naida-caves-travel-guide,Naida Caves Diu: Photography Spot & Visit Guide,Off-beat,Travel guide
https://club.kudozz.in/blog/naimisharanya-travel-guide,naimisharanya-travel-guide,Naimisharanya Travel Guide: Sacred Forest & Temples,Heritage,Travel guide
https://club.kudozz.in/blog/nainital-travel-guide,nainital-travel-guide,"Nainital Travel Guide: Naini Lake, Views & Tips",Destination Guide,Travel guide
https://club.kudozz.in/blog/najafgarh-delhi-travel-guide,najafgarh-delhi-travel-guide,"Najafgarh Delhi Guide: History, Jheel & Sehwag",Off-beat,Travel guide
https://club.kudozz.in/blog/nalanda-travel-guide,nalanda-travel-guide,Nalanda Travel Guide: Ruins of the World's Oldest University,Heritage,Travel guide
https://club.kudozz.in/blog/namchi-travel-guide,namchi-travel-guide,Namchi Travel Guide: Char Dham & Samdruptse,Heritage,Travel guide
https://club.kudozz.in/blog/namdapha-travel-guide,namdapha-travel-guide,Namdapha National Park Travel Guide: India's Most Biodiverse Park,Adventure,Travel guide
https://club.kudozz.in/blog/nameri-travel-guide,nameri-travel-guide,Nameri National Park Travel Guide: Rafting & Birdwatching,Adventure,Travel guide
https://club.kudozz.in/blog/namsai-travel-guide,namsai-travel-guide,Namsai Travel Guide: The Golden Pagoda of Arunachal,Off-beat,Travel guide
https://club.kudozz.in/blog/nandi-hills-travel-guide,nandi-hills-travel-guide,Nandi Hills Travel Guide: Sunrise Point Near Bengaluru,Destination Guide,Travel guide
https://club.kudozz.in/blog/nani-daman-travel-guide,nani-daman-travel-guide,"Nani Daman Travel Guide: Fort, Harbour & Lighthouse",Heritage,Travel guide
https://club.kudozz.in/blog/narnaul-travel-guide,narnaul-travel-guide,Narnaul Travel Guide: Mughal Tombs & Sher Shah Suri Connections,Heritage,Travel guide
https://club.kudozz.in/blog/nashik-travel-guide,nashik-travel-guide,"Nashik Travel Guide: Vineyards, Temples & Godavari Ghats",Destination Guide,Travel guide
https://club.kudozz.in/blog/nathula-pass-travel-guide,nathula-pass-travel-guide,"Nathula Pass Guide: Permits, Height & Tips",Adventure,Travel guide
https://club.kudozz.in/blog/neil-island-andaman-travel-guide,neil-island-andaman-travel-guide,Shaheed Dweep (Neil Island) Travel Guide: Beaches & Tips,Beaches,Travel guide
https://club.kudozz.in/blog/netarhat-travel-guide,netarhat-travel-guide,Netarhat Travel Guide: Sunrise Point & Chotanagpur's Hill Queen,Off-beat,Travel guide
https://club.kudozz.in/blog/new-delhi-travel-guide,new-delhi-travel-guide,"New Delhi Travel Guide: India Gate, Rajpath & More",Destination Guide,Travel guide
https://club.kudozz.in/blog/nizamuddin-delhi-travel-guide,nizamuddin-delhi-travel-guide,"Nizamuddin Travel Guide: Dargah, Qawwali & Humayun's Tomb",Heritage,Travel guide
https://club.kudozz.in/blog/nongriat-travel-guide,nongriat-travel-guide,Nongriat Trek Guide: Living Root Bridge,Trekking,Travel guide
https://club.kudozz.in/blog/north-bay-island-andaman-travel-guide,north-bay-island-andaman-travel-guide,"North Bay Island Andaman: Coral, Sea Walking & Visit Guide",Adventure,Travel guide
https://club.kudozz.in/blog/nubra-valley-travel-guide,nubra-valley-travel-guide,"Nubra Valley Travel Guide: Sand Dunes, Camels & Cold Desert",Off-beat,Travel guide
https://club.kudozz.in/blog/odisha-travel-guide,odisha-travel-guide,"Odisha Travel Guide: Konark, Puri & Chilika Lake",Destination Guide,Travel guide
https://club.kudozz.in/blog/offbeat-beaches-in-india,offbeat-beaches-in-india,Offbeat Beaches in India: Quiet Coasts Worth the Detour,Beach Travel,Beach article
https://club.kudozz.in/blog/old-delhi-travel-guide,old-delhi-travel-guide,"Old Delhi Travel Guide: Red Fort, Jama Masjid & Food",Heritage,Travel guide
https://club.kudozz.in/blog/old-goa-travel-guide,old-goa-travel-guide,Old Goa Travel Guide: Basilica of Bom Jesus & UNESCO Churches,Heritage,Travel guide
https://club.kudozz.in/blog/omkareshwar-travel-guide,omkareshwar-travel-guide,Omkareshwar Travel Guide: Jyotirlinga Island Temple & Narmada Ghats,Heritage,Travel guide
https://club.kudozz.in/blog/ooty-travel-guide,ooty-travel-guide,"Ooty Travel Guide: Nilgiris, Lakes & Best Time",Destination Guide,Travel guide
https://club.kudozz.in/blog/orchha-travel-guide,orchha-travel-guide,"Orchha Travel Guide: Cenotaphs, Palaces & Betwa River",Heritage,Travel guide
https://club.kudozz.in/blog/osian-travel-guide,osian-travel-guide,Osian Travel Guide: Desert Temples & Tips,Heritage,Travel guide
https://club.kudozz.in/blog/pachmarhi-travel-guide,pachmarhi-travel-guide,"Pachmarhi Travel Guide: Waterfalls, Caves & Satpura's Only Hill Station",Off-beat,Travel guide
https://club.kudozz.in/blog/padum-travel-guide,padum-travel-guide,Padum Travel Guide: Zanskar Valley's Historic Capital Town,Trekking,Travel guide
https://club.kudozz.in/blog/pahalgam-travel-guide,pahalgam-travel-guide,"Pahalgam Travel Guide: Betaab Valley, Aru & Chandanwari",Destination Guide,Travel guide
https://club.kudozz.in/blog/paharganj-delhi-travel-guide,paharganj-delhi-travel-guide,Paharganj Travel Guide: Main Bazaar & Budget Stays,Off-beat,Travel guide
https://club.kudozz.in/blog/pakke-travel-guide,pakke-travel-guide,Pakke Tiger Reserve Travel Guide: Hornbills & Foothill Forest,Adventure,Travel guide
https://club.kudozz.in/blog/palaces-in-india,palaces-in-india,Palaces in India: Royal Heritage and How to Visit,Heritage & Culture,Heritage article
https://club.kudozz.in/blog/palak-dil-travel-guide,palak-dil-travel-guide,Palak Dil Guide: Mizoram's Largest Lake,Off-beat,Travel guide
https://club.kudozz.in/blog/palitana-travel-guide,palitana-travel-guide,"Palitana Travel Guide: 3,500 Steps to the World's Largest Jain Temple Complex",Trekking,Travel guide
https://club.kudozz.in/blog/palolem-travel-guide,palolem-travel-guide,Palolem Beach Travel Guide: South Goa's Postcard Crescent,Beaches,Travel guide
https://club.kudozz.in/blog/pangong-lake-travel-guide,pangong-lake-travel-guide,"Pangong Lake Travel Guide: Routes, Permits, Camping & Tips",Adventure,Travel guide
https://club.kudozz.in/blog/panipat-travel-guide,panipat-travel-guide,Panipat Travel Guide: The Battlefield That Shaped Indian History,Heritage,Travel guide
https://club.kudozz.in/blog/panj-takht-yatra,panj-takht-yatra,Panj Takht Yatra: The Five Takhts and How to Visit Them,Spiritual Tourism,Spiritual article
https://club.kudozz.in/blog/panjim-travel-guide,panjim-travel-guide,"Panjim Travel Guide: Fontainhas, Latin Quarter & Goa's Capital",Destination Guide,Travel guide
https://club.kudozz.in/blog/panna-travel-guide,panna-travel-guide,Panna National Park Travel Guide: Tiger Safari & Ken River Gorge,Adventure,Travel guide
https://club.kudozz.in/blog/papi-hills-travel-guide,papi-hills-travel-guide,Papi Hills Travel Guide: Godavari Gorge Boat Cruise,Off-beat,Travel guide
https://club.kudozz.in/blog/paragliding-in-india,paragliding-in-india,"Paragliding in India: Best Sites, Seasons and What to Expect",Adventure Travel,Adventure article
https://club.kudozz.in/blog/parasnath-travel-guide,parasnath-travel-guide,Parasnath Hill Travel Guide: Jain Temples & Jharkhand's Highest Peak,Trekking,Travel guide
https://club.kudozz.in/blog/pasighat-travel-guide,pasighat-travel-guide,Pasighat Travel Guide: Arunachal's Oldest Town on the Siang River,Destination Guide,Travel guide
https://club.kudozz.in/blog/patan-travel-guide,patan-travel-guide,Patan Travel Guide: Rani ki Vav Stepwell & Patola Sarees,Heritage,Travel guide
https://club.kudozz.in/blog/patiala-travel-guide,patiala-travel-guide,Patiala Travel Guide: Qila Mubarak & Tips,Heritage,Travel guide
https://club.kudozz.in/blog/patna-travel-guide,patna-travel-guide,"Patna Travel Guide: Golghar, Patna Sahib & Bihar's Capital",Destination Guide,Travel guide
https://club.kudozz.in/blog/patnitop-travel-guide,patnitop-travel-guide,"Patnitop Travel Guide: Paragliding, Pines & Best Time",Adventure,Travel guide
https://club.kudozz.in/blog/patratu-travel-guide,patratu-travel-guide,"Patratu Valley Travel Guide: Dam, Ghati Road & Best Time to Visit",Off-beat,Travel guide
https://club.kudozz.in/blog/pawapuri-travel-guide,pawapuri-travel-guide,Pawapuri Travel Guide: Where Mahavira Attained Nirvana,Heritage,Travel guide
https://club.kudozz.in/blog/pelling-travel-guide,pelling-travel-guide,Pelling Travel Guide: Kanchenjunga Views & Tips,Destination Guide,Travel guide
https://club.kudozz.in/blog/pench-tiger-reserve,pench-tiger-reserve,"Pench Tiger Reserve: Safari Gates, Zones, Best Time and Travel Guide",Wildlife Tourism,Wildlife article
https://club.kudozz.in/blog/peren-travel-guide,peren-travel-guide,Peren Travel Guide: Intanki National Park & Tips,Off-beat,Travel guide
https://club.kudozz.in/blog/phawngpui-travel-guide,phawngpui-travel-guide,Phawngpui Trek Guide: The Blue Mountain,Trekking,Travel guide
https://club.kudozz.in/blog/phek-travel-guide,phek-travel-guide,Phek Travel Guide: Terraced Fields & Tips,Off-beat,Travel guide
https://club.kudozz.in/blog/pilgrimage-packing-list,pilgrimage-packing-list,Pilgrimage Packing List and What to Wear at Temples and Shrines,Spiritual Tourism,Spiritual article
https://club.kudozz.in/blog/pilgrimage-trips-from-delhi,pilgrimage-trips-from-delhi,Pilgrimage Trips from Delhi: Temples and Shrines Within Reach,Spiritual Tourism,Spiritual article
https://club.kudozz.in/blog/pilgrimage-trips-from-mumbai,pilgrimage-trips-from-mumbai,Pilgrimage Trips from Mumbai: Temples and Shrines Within Reach,Spiritual Tourism,Spiritual article
https://club.kudozz.in/blog/pilibhit-travel-guide,pilibhit-travel-guide,Pilibhit Tiger Reserve: Safari & Visit Guide,Adventure,Travel guide
https://club.kudozz.in/blog/pinjore-travel-guide,pinjore-travel-guide,Pinjore Gardens Travel Guide: Mughal Terraces Near Chandigarh,Heritage,Travel guide
https://club.kudozz.in/blog/pobitora-travel-guide,pobitora-travel-guide,Pobitora Wildlife Sanctuary Travel Guide: Highest Rhino Density on Earth,Adventure,Travel guide
https://club.kudozz.in/blog/polo-forest-travel-guide,polo-forest-travel-guide,Polo Forest Travel Guide: Ruined Temples in the Aravalli Jungle,Off-beat,Travel guide
https://club.kudozz.in/blog/ponda-travel-guide,ponda-travel-guide,Ponda Travel Guide: Hindu Temples & Spice Plantation Tours,Heritage,Travel guide
https://club.kudozz.in/blog/port-blair-andaman-travel-guide,port-blair-andaman-travel-guide,Sri Vijaya Puram (Port Blair) Travel Guide: Sights & Tips,Destination Guide,Travel guide
https://club.kudozz.in/blog/prashar-lake-travel-guide,prashar-lake-travel-guide,Prashar Lake Trek Guide: Floating Island & Best Time to Visit,Trekking,Travel guide
https://club.kudozz.in/blog/prayagraj-travel-guide,prayagraj-travel-guide,Prayagraj Travel Guide: Triveni Sangam & Kumbh Mela,Heritage,Travel guide
https://club.kudozz.in/blog/puducherry-district-travel-guide,puducherry-district-travel-guide,Puducherry District Travel Guide: All 7 Towns & Attractions,Destination Guide,Travel guide
https://club.kudozz.in/blog/puducherry-french-quarter-travel-guide,puducherry-french-quarter-travel-guide,"Puducherry Travel Guide: French Quarter, Auroville & Beaches",Destination Guide,Travel guide
https://club.kudozz.in/blog/pune-travel-guide,pune-travel-guide,"Pune Travel Guide: Shaniwar Wada, Sinhagad & City Guide",Destination Guide,Travel guide
https://club.kudozz.in/blog/punjab-travel-guide,punjab-travel-guide,"Punjab Travel Guide: Golden Temple, Amritsar & Wagah Border",Destination Guide,Travel guide
https://club.kudozz.in/blog/puri-travel-guide,puri-travel-guide,Puri Travel Guide: Jagannath Temple & Beach,Heritage,Travel guide
https://club.kudozz.in/blog/pushkar-travel-guide,pushkar-travel-guide,"Pushkar Travel Guide: Lake, Temple & Camel Fair",Heritage,Travel guide
https://club.kudozz.in/blog/qutub-minar,qutub-minar,Qutub Minar: History and Visiting Guide,Heritage & Culture,Heritage article
https://club.kudozz.in/blog/radhanagar-beach-andaman-travel-guide,radhanagar-beach-andaman-travel-guide,"Radhanagar Beach Travel Guide: Timings, Sunset & Tips",Beaches,Travel guide
https://club.kudozz.in/blog/rajahmundry-travel-guide,rajahmundry-travel-guide,Rajahmundry Travel Guide: Godavari Bridges & Papi Hills Gateway,Destination Guide,Travel guide
https://club.kudozz.in/blog/rajasthan-desert-travel-guide,rajasthan-desert-travel-guide,"Jaisalmer & Thar Desert Travel Guide: Fort, Camel Safari & Tips",Heritage,Travel guide
https://club.kudozz.in/blog/rajasthan-heritage-itinerary,rajasthan-heritage-itinerary,"Rajasthan Heritage Itinerary: Forts, Palaces and Old Cities in 10 to 14 Days",Heritage & Culture,Heritage article
https://club.kudozz.in/blog/rajasthan-travel-guide,rajasthan-travel-guide,"Rajasthan Travel Guide: Jaipur, Jodhpur & Pushkar Circuit",Destination Guide,Travel guide
https://club.kudozz.in/blog/rajgir-travel-guide,rajgir-travel-guide,"Rajgir Travel Guide: Hot Springs, Ropeway & Buddhist Heritage",Heritage,Travel guide
https://club.kudozz.in/blog/rajrappa-travel-guide,rajrappa-travel-guide,Rajrappa Travel Guide: Chhinnamasta Temple & River Confluence,Heritage,Travel guide
https://club.kudozz.in/blog/rameswaram-travel-guide,rameswaram-travel-guide,Rameswaram Travel Guide: Temple & Dhanushkodi,Heritage,Travel guide
https://club.kudozz.in/blog/ranakpur-jain-temple,ranakpur-jain-temple,"Ranakpur Jain Temple: Visiting Guide, Timings and How to Reach",Spiritual Tourism,Spiritual article
https://club.kudozz.in/blog/ranchi-travel-guide,ranchi-travel-guide,"Ranchi Travel Guide: Waterfalls, Lakes & Jharkhand's Capital",Destination Guide,Travel guide
https://club.kudozz.in/blog/rangat-andaman-travel-guide,rangat-andaman-travel-guide,Rangat Andaman Travel Guide: Cuthbert Bay & Long Island,Off-beat,Travel guide
https://club.kudozz.in/blog/ranikhet-travel-guide,ranikhet-travel-guide,Ranikhet Travel Guide: Cantonment Views & Golf,Off-beat,Travel guide
https://club.kudozz.in/blog/ranjit-sagar-dam-travel-guide,ranjit-sagar-dam-travel-guide,Ranjit Sagar Dam Guide: Best Time & Tips,Off-beat,Travel guide
https://club.kudozz.in/blog/rann-of-kutch-travel-guide,rann-of-kutch-travel-guide,Rann of Kutch Travel Guide: White Desert & Rann Utsav,Off-beat,Travel guide
https://club.kudozz.in/blog/rann-utsav,rann-utsav,"Rann Utsav, Kutch: Dates, Tent City and How to Visit",Heritage & Culture,Heritage article
https://club.kudozz.in/blog/ranthambore-first-time-visitors-travel-guide,ranthambore-first-time-visitors-travel-guide,Things to Do in Ranthambore for First-Time Visitors,Adventure,Travel guide
https://club.kudozz.in/blog/ranthambore-travel-guide,ranthambore-travel-guide,Ranthambore Safari Guide: Tigers & Fort,Adventure,Travel guide
https://club.kudozz.in/blog/ravangla-travel-guide,ravangla-travel-guide,Ravangla Travel Guide: Buddha Park & Views,Off-beat,Travel guide
https://club.kudozz.in/blog/red-fort,red-fort,"Red Fort, Delhi: History and Visiting Guide",Heritage & Culture,Heritage article
https://club.kudozz.in/blog/reiek-travel-guide,reiek-travel-guide,Reiek Travel Guide: Heritage Village & Views,Off-beat,Travel guide
https://club.kudozz.in/blog/responsible-wildlife-tourism-in-india,responsible-wildlife-tourism-in-india,Responsible Wildlife Tourism in India: Safari Rules and Ethics,Wildlife Tourism,Wildlife article
https://club.kudozz.in/blog/rewari-travel-guide,rewari-travel-guide,Rewari Travel Guide: Brass Town & 1857 Rebellion History,Heritage,Travel guide
https://club.kudozz.in/blog/rishikesh-adventure-travel-guide,rishikesh-adventure-travel-guide,"Rishikesh Travel Guide: Adventure, Yoga, Rafting & More",Adventure,Travel guide
https://club.kudozz.in/blog/river-rafting-in-india,river-rafting-in-india,"River Rafting in India: Rivers, Grades and Seasons",Adventure Travel,Adventure article
https://club.kudozz.in/blog/river-rafting-in-rishikesh,river-rafting-in-rishikesh,"River Rafting in Rishikesh: Stretches, Rapids, Season and Safety",Adventure Travel,Adventure article
https://club.kudozz.in/blog/rock-climbing-in-india,rock-climbing-in-india,"Rock Climbing in India: Crags, Bouldering and Courses",Adventure Travel,Adventure article
https://club.kudozz.in/blog/rock-cut-caves-in-india,rock-cut-caves-in-india,Ancient Caves in India: Rock-Cut Temples and Monasteries,Heritage & Culture,Heritage article
https://club.kudozz.in/blog/rock-garden-chandigarh-travel-guide,rock-garden-chandigarh-travel-guide,Rock Garden Chandigarh: Nek Chand's Sculpture Garden Guide,Heritage,Travel guide
https://club.kudozz.in/blog/rohini-delhi-travel-guide,rohini-delhi-travel-guide,Rohini Delhi Guide: Japanese Park & Family Outings,Destination Guide,Travel guide
https://club.kudozz.in/blog/roing-travel-guide,roing-travel-guide,Roing Travel Guide: Mehao Lake & Bhismaknagar Ruins,Off-beat,Travel guide
https://club.kudozz.in/blog/rose-garden-chandigarh-travel-guide,rose-garden-chandigarh-travel-guide,Zakir Hussain Rose Garden: Chandigarh's Rose Festival Guide,Destination Guide,Travel guide
https://club.kudozz.in/blog/ross-and-smith-islands-andaman-travel-guide,ross-and-smith-islands-andaman-travel-guide,"Ross & Smith Islands Travel Guide: Sandbar, Permits & Tips",Off-beat,Travel guide
https://club.kudozz.in/blog/ross-island-andaman-travel-guide,ross-island-andaman-travel-guide,"Ross Island Travel Guide: Ruins, History & How to Visit",Heritage,Travel guide
https://club.kudozz.in/blog/rourkela-travel-guide,rourkela-travel-guide,Rourkela Travel Guide: Steel City & Waterfalls,Off-beat,Travel guide
https://club.kudozz.in/blog/sabroom-travel-guide,sabroom-travel-guide,Sabroom Travel Guide: Maitri Setu Bridge & Tips,Off-beat,Travel guide
https://club.kudozz.in/blog/sakleshpur-travel-guide,sakleshpur-travel-guide,"Sakleshpur Travel Guide: Coffee Trails, Railway Trek & Waterfalls",Off-beat,Travel guide
https://club.kudozz.in/blog/sambalpur-travel-guide,sambalpur-travel-guide,Sambalpur Guide: Hirakud Dam & Sarees,Off-beat,Travel guide
https://club.kudozz.in/blog/sanchi-travel-guide,sanchi-travel-guide,Sanchi Stupa Travel Guide: Buddhist Monuments & History,Heritage,Travel guide
https://club.kudozz.in/blog/sandakphu-travel-guide,sandakphu-travel-guide,"Sandakphu Trek Guide: Route, Permits & Best Time",Trekking,Travel guide
https://club.kudozz.in/blog/santiniketan-travel-guide,santiniketan-travel-guide,Santiniketan Travel Guide: Tagore's University Town,Heritage,Travel guide
https://club.kudozz.in/blog/saputara-travel-guide,saputara-travel-guide,Saputara Travel Guide: Gujarat's Only Hill Station,Off-beat,Travel guide
https://club.kudozz.in/blog/saranda-forest-travel-guide,saranda-forest-travel-guide,Saranda Forest Travel Guide: Asia's Largest Sal Forest,Off-beat,Travel guide
https://club.kudozz.in/blog/sariska-tiger-reserve,sariska-tiger-reserve,"Sariska Tiger Reserve: Safari, Zones, Best Time and Travel Guide",Wildlife Tourism,Wildlife article
https://club.kudozz.in/blog/sarnath-travel-guide,sarnath-travel-guide,Sarnath Travel Guide: Buddha's First Sermon Site,Heritage,Travel guide
https://club.kudozz.in/blog/sarojini-nagar-delhi-travel-guide,sarojini-nagar-delhi-travel-guide,Sarojini Nagar Market Guide: Shopping & Bargaining Tips,Off-beat,Travel guide
https://club.kudozz.in/blog/sasaram-travel-guide,sasaram-travel-guide,Sasaram Travel Guide: Sher Shah Suri's Tomb & Grand Trunk Road History,Heritage,Travel guide
https://club.kudozz.in/blog/satkosia-travel-guide,satkosia-travel-guide,Satkosia Gorge Guide: Tiger Reserve & Safari,Adventure,Travel guide
https://club.kudozz.in/blog/satmaliya-deer-sanctuary-travel-guide,satmaliya-deer-sanctuary-travel-guide,Satmaliya Deer Sanctuary: Visit Guide & Tips,Off-beat,Travel guide
https://club.kudozz.in/blog/satpura-tiger-reserve,satpura-tiger-reserve,"Satpura Tiger Reserve: Walking, Boat and Jeep Safaris",Wildlife Tourism,Wildlife article
https://club.kudozz.in/blog/scuba-diving-in-andaman,scuba-diving-in-andaman,"Scuba Diving in the Andaman Islands: Sites, Courses and Season",Adventure Travel,Adventure article
https://club.kudozz.in/blog/scuba-diving-in-india,scuba-diving-in-india,Scuba Diving in India: Best Dive Sites and Seasons,Adventure Travel,Adventure article
https://club.kudozz.in/blog/sector-17-chandigarh-travel-guide,sector-17-chandigarh-travel-guide,"Sector 17 Chandigarh: Plaza, Shopping & Nightlife Guide",Destination Guide,Travel guide
https://club.kudozz.in/blog/sector-22-chandigarh-travel-guide,sector-22-chandigarh-travel-guide,"Sector 22 Chandigarh: Market, Stays & Local Life Guide",Destination Guide,Travel guide
https://club.kudozz.in/blog/sector-26-chandigarh-travel-guide,sector-26-chandigarh-travel-guide,Sector 26 Chandigarh: Grain Market Food Street Guide,Destination Guide,Travel guide
https://club.kudozz.in/blog/sector-35-chandigarh-travel-guide,sector-35-chandigarh-travel-guide,"Sector 35 Chandigarh: Market, Cafés & Student Vibe Guide",Destination Guide,Travel guide
https://club.kudozz.in/blog/sela-pass-travel-guide,sela-pass-travel-guide,Sela Pass Travel Guide: One of India's Highest Motorable Passes,Off-beat,Travel guide
https://club.kudozz.in/blog/senapati-travel-guide,senapati-travel-guide,"Senapati Travel Guide: Mao Gate, King Chilli & Naga Hills",Off-beat,Travel guide
https://club.kudozz.in/blog/sepahijala-travel-guide,sepahijala-travel-guide,Sepahijala Wildlife Sanctuary: Safari & Tips,Adventure,Travel guide
https://club.kudozz.in/blog/serchhip-travel-guide,serchhip-travel-guide,Serchhip Travel Guide: Gateway & Tips,Off-beat,Travel guide
https://club.kudozz.in/blog/shakti-peethas-in-india,shakti-peethas-in-india,"Shakti Peethas in India: The 18 and 51 Lists, and How to Visit",Spiritual Tourism,Spiritual article
https://club.kudozz.in/blog/shanti-kunj-chandigarh-travel-guide,shanti-kunj-chandigarh-travel-guide,Shanti Kunj Chandigarh: A Quiet Garden Near Rose Garden,Off-beat,Travel guide
https://club.kudozz.in/blog/shilloi-lake-travel-guide,shilloi-lake-travel-guide,Shilloi Lake Guide: Nagaland's Largest Lake,Off-beat,Travel guide
https://club.kudozz.in/blog/shillong-travel-guide,shillong-travel-guide,Shillong Travel Guide: Sightseeing & Tips,Destination Guide,Travel guide
https://club.kudozz.in/blog/shimla-travel-guide,shimla-travel-guide,"Shimla Travel Guide: Mall Road, Toy Train & Best Time to Visit",Destination Guide,Travel guide
https://club.kudozz.in/blog/shirdi-travel-guide,shirdi-travel-guide,"Shirdi Travel Guide: Sai Baba Temple, Timings & How to Reach",Heritage,Travel guide
https://club.kudozz.in/blog/shirui-hills-travel-guide,shirui-hills-travel-guide,Shirui Hills Trek Guide: Shirui Lily & Best Time to Visit,Trekking,Travel guide
https://club.kudozz.in/blog/shnongpdeng-travel-guide,shnongpdeng-travel-guide,Shnongpdeng Guide: Camping & River Adventure,Adventure,Travel guide
https://club.kudozz.in/blog/shravanabelagola-gommateshwara,shravanabelagola-gommateshwara,"Shravanabelagola: Gommateshwara Statue, Climb and Visiting Guide",Spiritual Tourism,Spiritual article
https://club.kudozz.in/blog/shravasti-travel-guide,shravasti-travel-guide,Shravasti Travel Guide: Jetavana Monastery Ruins,Heritage,Travel guide
https://club.kudozz.in/blog/siju-travel-guide,siju-travel-guide,Siju Cave Guide: Caving & Best Time,Adventure,Travel guide
https://club.kudozz.in/blog/sikh-pilgrimage-in-india,sikh-pilgrimage-in-india,Sikh Pilgrimage in India: Historic Gurdwaras and Takhts,Spiritual Tourism,Spiritual article
https://club.kudozz.in/blog/sikkim-travel-guide,sikkim-travel-guide,"Sikkim Travel Guide: Gangtok, Yumthang Valley & Nathula Pass",Destination Guide,Travel guide
https://club.kudozz.in/blog/silchar-travel-guide,silchar-travel-guide,Silchar Travel Guide: Gateway to the Barak Valley,Destination Guide,Travel guide
https://club.kudozz.in/blog/silvassa-travel-guide,silvassa-travel-guide,"Silvassa Travel Guide: Lakes, Forests & Tribal Culture",Destination Guide,Travel guide
https://club.kudozz.in/blog/similipal-travel-guide,similipal-travel-guide,Similipal Tiger Reserve: Safari Guide & Tips,Adventure,Travel guide
https://club.kudozz.in/blog/sirpur-travel-guide,sirpur-travel-guide,Sirpur Travel Guide: Ancient Buddhist Ruins on the Mahanadi,Heritage,Travel guide
https://club.kudozz.in/blog/sivasagar-travel-guide,sivasagar-travel-guide,Sivasagar Travel Guide: Ahom Dynasty Capital & Ancient Tanks,Heritage,Travel guide
https://club.kudozz.in/blog/skiing-in-india,skiing-in-india,"Skiing in India: Gulmarg, Auli, Solang and the Ski Season",Adventure Travel,Adventure article
https://club.kudozz.in/blog/skydiving-in-india,skydiving-in-india,"Skydiving in India: Drop Zones, Jump Types and Seasons",Adventure Travel,Adventure article
https://club.kudozz.in/blog/snorkeling-in-india,snorkeling-in-india,Snorkelling in India: Best Reefs and Lagoons,Adventure Travel,Adventure article
https://club.kudozz.in/blog/snow-leopard-tours-in-india,snow-leopard-tours-in-india,"Snow Leopard Tours in India: Hemis, Ulley and Spiti",Wildlife Tourism,Wildlife article
https://club.kudozz.in/blog/somnath-travel-guide,somnath-travel-guide,"Somnath Temple Travel Guide: History, Timings & Light Show",Heritage,Travel guide
https://club.kudozz.in/blog/sonamarg-travel-guide,sonamarg-travel-guide,Sonamarg Travel Guide: Thajiwas Glacier & How to Visit,Adventure,Travel guide
https://club.kudozz.in/blog/south-delhi-travel-guide,south-delhi-travel-guide,South Delhi Travel Guide: Best Areas & Things to Do,Destination Guide,Travel guide
https://club.kudozz.in/blog/south-india-heritage-itinerary,south-india-heritage-itinerary,South India Heritage Itinerary: Karnataka and Tamil Nadu,Heritage & Culture,Heritage article
https://club.kudozz.in/blog/spiritual-festivals-in-india,spiritual-festivals-in-india,"Spiritual Festivals in India: Melas, Yatras and Sacred Celebrations",Spiritual Tourism,Spiritual article
https://club.kudozz.in/blog/spiritual-tourism-in-andhra-pradesh,spiritual-tourism-in-andhra-pradesh,"Spiritual Tourism in Andhra Pradesh: Tirupati, Srisailam and Srikalahasti",Spiritual Tourism,Spiritual article
https://club.kudozz.in/blog/spiritual-tourism-in-bihar,spiritual-tourism-in-bihar,"Spiritual Tourism in Bihar: Bodh Gaya, Gaya, Patna Sahib and Pawapuri",Spiritual Tourism,Spiritual article
https://club.kudozz.in/blog/spiritual-tourism-in-gujarat,spiritual-tourism-in-gujarat,"Spiritual Tourism in Gujarat: Somnath, Dwarka, Ambaji and Jain Tirthas",Spiritual Tourism,Spiritual article
https://club.kudozz.in/blog/spiritual-tourism-in-himachal-pradesh,spiritual-tourism-in-himachal-pradesh,Spiritual Tourism in Himachal Pradesh: Shakti Temples and Tibetan Monasteries,Spiritual Tourism,Spiritual article
https://club.kudozz.in/blog/spiritual-tourism-in-jammu-and-kashmir,spiritual-tourism-in-jammu-and-kashmir,"Spiritual Tourism in Jammu and Kashmir: Vaishno Devi, Amarnath and Hazratbal",Spiritual Tourism,Spiritual article
https://club.kudozz.in/blog/spiritual-tourism-in-karnataka,spiritual-tourism-in-karnataka,"Spiritual Tourism in Karnataka: Udupi, Dharmasthala, Shravanabelagola and Hampi",Spiritual Tourism,Spiritual article
https://club.kudozz.in/blog/spiritual-tourism-in-kerala,spiritual-tourism-in-kerala,"Spiritual Tourism in Kerala: Guruvayur, Sabarimala and Temple Traditions",Spiritual Tourism,Spiritual article
https://club.kudozz.in/blog/spiritual-tourism-in-madhya-pradesh,spiritual-tourism-in-madhya-pradesh,"Spiritual Tourism in Madhya Pradesh: Ujjain, Omkareshwar, Orchha and Sanchi",Spiritual Tourism,Spiritual article
https://club.kudozz.in/blog/spiritual-tourism-in-maharashtra,spiritual-tourism-in-maharashtra,"Spiritual Tourism in Maharashtra: Jyotirlingas, Shirdi, Pandharpur and Ashtavinayak",Spiritual Tourism,Spiritual article
https://club.kudozz.in/blog/spiritual-tourism-in-odisha,spiritual-tourism-in-odisha,"Spiritual Tourism in Odisha: Puri, Bhubaneswar and Konark",Spiritual Tourism,Spiritual article
https://club.kudozz.in/blog/spiritual-tourism-in-rajasthan,spiritual-tourism-in-rajasthan,"Spiritual Tourism in Rajasthan: Pushkar, Ajmer, Nathdwara and Jain Temples",Spiritual Tourism,Spiritual article
https://club.kudozz.in/blog/spiritual-tourism-in-tamil-nadu,spiritual-tourism-in-tamil-nadu,"Spiritual Tourism in Tamil Nadu: Madurai, Rameswaram and the Great Temple Towns",Spiritual Tourism,Spiritual article
https://club.kudozz.in/blog/spiritual-tourism-in-uttar-pradesh,spiritual-tourism-in-uttar-pradesh,"Spiritual Tourism in Uttar Pradesh: Varanasi, Ayodhya, Prayagraj and Braj",Spiritual Tourism,Spiritual article
https://club.kudozz.in/blog/spiritual-tourism-in-uttarakhand,spiritual-tourism-in-uttarakhand,"Spiritual Tourism in Uttarakhand: Char Dham, Haridwar, Rishikesh and Beyond",Spiritual Tourism,Spiritual article
https://club.kudozz.in/blog/spiritual-tourism-in-west-bengal,spiritual-tourism-in-west-bengal,"Spiritual Tourism in West Bengal: Kalighat, Dakshineswar, Tarapith and Mayapur",Spiritual Tourism,Spiritual article
https://club.kudozz.in/blog/spiti-valley-bike-trip,spiti-valley-bike-trip,"Spiti Valley Bike Trip: Route, Season and Riding Tips",Adventure Travel,Adventure article
https://club.kudozz.in/blog/spiti-valley-travel-guide,spiti-valley-travel-guide,Spiti Valley: The Complete Travel Guide,Destination Guide,Travel guide
https://club.kudozz.in/blog/srinagar-travel-guide,srinagar-travel-guide,"Srinagar Travel Guide: Dal Lake, Houseboats & Mughal Gardens",Destination Guide,Travel guide
https://club.kudozz.in/blog/srisailam-travel-guide,srisailam-travel-guide,Srisailam Travel Guide: Jyotirlinga & Nallamala,Heritage,Travel guide
https://club.kudozz.in/blog/statue-of-unity-travel-guide,statue-of-unity-travel-guide,"Statue of Unity Travel Guide: World's Tallest Statue, Timings & Tips",Heritage,Travel guide
https://club.kudozz.in/blog/sufi-shrines-in-india,sufi-shrines-in-india,Sufi Shrines in India: Famous Dargahs and How to Visit Respectfully,Spiritual Tourism,Spiritual article
https://club.kudozz.in/blog/sukhna-lake-chandigarh-travel-guide,sukhna-lake-chandigarh-travel-guide,"Sukhna Lake Chandigarh: Promenade, Boating & Best Time",Destination Guide,Travel guide
https://club.kudozz.in/blog/sultanpur-lodhi-travel-guide,sultanpur-lodhi-travel-guide,Sultanpur Lodhi Guide: Guru Nanak's Sacred Town,Heritage,Travel guide
https://club.kudozz.in/blog/sultanpur-national-park-travel-guide,sultanpur-national-park-travel-guide,Sultanpur National Park Travel Guide: Birdwatching Near Delhi,Adventure,Travel guide
https://club.kudozz.in/blog/sundarbans-travel-guide,sundarbans-travel-guide,"Sundarbans Travel Guide: Tiger Safari, Permits & Tips",Adventure,Travel guide
https://club.kudozz.in/blog/surajkund-travel-guide,surajkund-travel-guide,Surajkund Travel Guide: Crafts Mela & Ancient Sun Reservoir,Heritage,Travel guide
https://club.kudozz.in/blog/surat-travel-guide,surat-travel-guide,"Surat Travel Guide: Diamond City, Riverfront & Street Food",Destination Guide,Travel guide
https://club.kudozz.in/blog/surfing-in-india,surfing-in-india,"Surfing in India: Surf Towns, Schools and Seasons",Adventure Travel,Adventure article
https://club.kudozz.in/blog/tadoba-travel-guide,tadoba-travel-guide,"Tadoba Andhari Tiger Reserve: Safari Guide, Zones & Best Time",Adventure,Travel guide
https://club.kudozz.in/blog/taj-mahal,taj-mahal,"Taj Mahal: History, Visiting Guide and Tips",Heritage & Culture,Heritage article
https://club.kudozz.in/blog/tamdil-lake-travel-guide,tamdil-lake-travel-guide,"Tamdil Lake Guide: Legend, Boating & Tips",Off-beat,Travel guide
https://club.kudozz.in/blog/tamenglong-travel-guide,tamenglong-travel-guide,Tamenglong Travel Guide: Orange Hills of Zeliangrong Country,Off-beat,Travel guide
https://club.kudozz.in/blog/tamil-nadu-travel-guide,tamil-nadu-travel-guide,"Tamil Nadu Travel Guide: Madurai, Mahabalipuram & Ooty",Destination Guide,Travel guide
https://club.kudozz.in/blog/tarapith-travel-guide,tarapith-travel-guide,Tarapith Travel Guide: Shakti Peeth Temple & Tips,Heritage,Travel guide
https://club.kudozz.in/blog/tarkarli-travel-guide,tarkarli-travel-guide,"Tarkarli Travel Guide: Scuba Diving, Beaches & Malvan",Beaches,Travel guide
https://club.kudozz.in/blog/tarn-taran-travel-guide,tarn-taran-travel-guide,Tarn Taran Sahib Guide: The Largest Sarovar,Heritage,Travel guide
https://club.kudozz.in/blog/tatapani-travel-guide,tatapani-travel-guide,Tatapani Travel Guide: Chhattisgarh's Natural Hot Springs,Off-beat,Travel guide
https://club.kudozz.in/blog/tawang-travel-guide,tawang-travel-guide,"Tawang Travel Guide: Monastery, War Memorial & Best Time to Visit",Heritage,Travel guide
https://club.kudozz.in/blog/tehri-lake-travel-guide,tehri-lake-travel-guide,"Tehri Lake: Water Sports, Houseboats & a Complete Visit Guide",Adventure,Travel guide
https://club.kudozz.in/blog/telangana-travel-guide,telangana-travel-guide,"Telangana Travel Guide: Hyderabad, Warangal & Temples",Destination Guide,Travel guide
https://club.kudozz.in/blog/temi-tea-garden-travel-guide,temi-tea-garden-travel-guide,Temi Tea Garden Guide: Sikkim's Only Estate,Off-beat,Travel guide
https://club.kudozz.in/blog/temple-architecture-of-india,temple-architecture-of-india,Temple Architecture of India: A Traveller's Guide to the Styles,Heritage & Culture,Heritage article
https://club.kudozz.in/blog/terraced-garden-chandigarh-travel-guide,terraced-garden-chandigarh-travel-guide,Terraced Garden Chandigarh: Sector 33 Visit Guide,Off-beat,Travel guide
https://club.kudozz.in/blog/textile-heritage-of-india,textile-heritage-of-india,"Textile Heritage of India: Handlooms, Sarees and Weaving Towns",Heritage & Culture,Heritage article
https://club.kudozz.in/blog/tezpur-travel-guide,tezpur-travel-guide,Tezpur Travel Guide: The City of Eternal Romance,Destination Guide,Travel guide
https://club.kudozz.in/blog/thanjavur-travel-guide,thanjavur-travel-guide,Thanjavur Travel Guide: Brihadeeswarar Temple,Heritage,Travel guide
https://club.kudozz.in/blog/tharon-cave-travel-guide,tharon-cave-travel-guide,Tharon Cave Guide: Manipur's Longest Limestone Cave,Adventure,Travel guide
https://club.kudozz.in/blog/thekkady-travel-guide,thekkady-travel-guide,Thekkady Travel Guide: Periyar Wildlife Sanctuary & Spice Plantations,Adventure,Travel guide
https://club.kudozz.in/blog/thenzawl-travel-guide,thenzawl-travel-guide,Thenzawl Travel Guide: Handloom & Tips,Off-beat,Travel guide
https://club.kudozz.in/blog/thiksey-travel-guide,thiksey-travel-guide,"Thiksey Travel Guide: Monastery, Morning Prayers & Maitreya Buddha",Heritage,Travel guide
https://club.kudozz.in/blog/things-to-do-in-agartala,things-to-do-in-agartala,"Things to Do in Agartala: Palaces, Temples, the Border Ceremony & Neermahal",Things to Do,Things to do article
https://club.kudozz.in/blog/things-to-do-in-agra,things-to-do-in-agra,Things to Do in Agra: The Taj Mahal and Beyond,Things to Do,Things to do article
https://club.kudozz.in/blog/things-to-do-in-ahmedabad,things-to-do-in-ahmedabad,"Things to Do in Ahmedabad: Heritage Walks, Gandhi's Ashram, Stepwells & Street Food",Things to Do,Things to do article
https://club.kudozz.in/blog/things-to-do-in-aizawl,things-to-do-in-aizawl,"Things to Do in Aizawl: Ridge Views, Mizo Culture & Day Trips to Reiek",Things to Do,Things to do article
https://club.kudozz.in/blog/things-to-do-in-ajmer,things-to-do-in-ajmer,"Things to Do in Ajmer: Dargah Sharif, Ana Sagar & Historic Sites",Things to Do,Things to do article
https://club.kudozz.in/blog/things-to-do-in-alibaug,things-to-do-in-alibaug,"Things to Do in Alibaug: Sea Forts, Beaches & Konkan Coast Days",Things to Do,Things to do article
https://club.kudozz.in/blog/things-to-do-in-alleppey,things-to-do-in-alleppey,"Things to Do in Alleppey (Alappuzha): Houseboats, Canals, Beaches & Boat Races",Things to Do,Things to do article
https://club.kudozz.in/blog/things-to-do-in-amritsar,things-to-do-in-amritsar,"Things to Do in Amritsar: The Golden Temple, Wagah Border & Punjabi Food",Things to Do,Things to do article
https://club.kudozz.in/blog/things-to-do-in-andaman,things-to-do-in-andaman,"Things to Do in the Andaman Islands: Beaches, Diving, History & Jungle Creeks",Things to Do,Things to do article
https://club.kudozz.in/blog/things-to-do-in-araku-valley,things-to-do-in-araku-valley,"Things to Do in Araku Valley: Coffee, Caves, Waterfalls & the Vistadome Train",Things to Do,Things to do article
https://club.kudozz.in/blog/things-to-do-in-auli,things-to-do-in-auli,"Things to Do in Auli: Skiing, Meadow Walks & Nanda Devi Views",Things to Do,Things to do article
https://club.kudozz.in/blog/things-to-do-in-aurangabad,things-to-do-in-aurangabad,"Things to Do in Aurangabad (Chhatrapati Sambhajinagar): Ajanta, Ellora & Mughal Heritage",Things to Do,Things to do article
https://club.kudozz.in/blog/things-to-do-in-ayodhya,things-to-do-in-ayodhya,"Things to Do in Ayodhya: Ram Mandir, Hanuman Garhi & the Saryu Ghats",Things to Do,Things to do article
https://club.kudozz.in/blog/things-to-do-in-bangalore,things-to-do-in-bangalore,"Things to Do in Bangalore (Bengaluru): Gardens, Palaces, Food & Weekend Escapes",Things to Do,Things to do article
https://club.kudozz.in/blog/things-to-do-in-bhopal,things-to-do-in-bhopal,"Things to Do in Bhopal: Lakes, Mosques, Museums & Sanchi and Bhimbetka",Things to Do,Things to do article
https://club.kudozz.in/blog/things-to-do-in-bhubaneswar,things-to-do-in-bhubaneswar,"Things to Do in Bhubaneswar: Kalinga Temples, Jain Caves & Odisha's Crafts",Things to Do,Things to do article
https://club.kudozz.in/blog/things-to-do-in-bikaner,things-to-do-in-bikaner,"Things to Do in Bikaner: Junagarh Fort, Havelis, Camels & Bhujia",Things to Do,Things to do article
https://club.kudozz.in/blog/things-to-do-in-bir-billing,things-to-do-in-bir-billing,"Things to Do in Bir Billing: Paragliding, Monasteries & Tea Gardens",Things to Do,Things to do article
https://club.kudozz.in/blog/things-to-do-in-bodh-gaya,things-to-do-in-bodh-gaya,"Things to Do in Bodh Gaya: Mahabodhi Temple, Monasteries & Buddhist Pilgrimage Sites",Things to Do,Things to do article
https://club.kudozz.in/blog/things-to-do-in-bundi,things-to-do-in-bundi,"Things to Do in Bundi: Stepwells, Palace Murals & a Quiet Old Town",Things to Do,Things to do article
https://club.kudozz.in/blog/things-to-do-in-chandigarh,things-to-do-in-chandigarh,"Things to Do in Chandigarh: Rock Garden, Sukhna Lake & Le Corbusier's City",Things to Do,Things to do article
https://club.kudozz.in/blog/things-to-do-in-chennai,things-to-do-in-chennai,"Things to Do in Chennai: Temples, Beaches, Colonial Heritage, Music & Food",Things to Do,Things to do article
https://club.kudozz.in/blog/things-to-do-in-cherrapunji,things-to-do-in-cherrapunji,"Things to Do in Cherrapunji (Sohra): Waterfalls, Caves & Root Bridges",Things to Do,Things to do article
https://club.kudozz.in/blog/things-to-do-in-chikmagalur,things-to-do-in-chikmagalur,"Things to Do in Chikmagalur: Coffee, Karnataka's Highest Peak & Hoysala Temples",Things to Do,Things to do article
https://club.kudozz.in/blog/things-to-do-in-chittorgarh,things-to-do-in-chittorgarh,Things to Do in Chittorgarh: Exploring India's Largest Fort,Things to Do,Things to do article
https://club.kudozz.in/blog/things-to-do-in-chopta,things-to-do-in-chopta,"Things to Do in Chopta: Tungnath, Chandrashila & Deoria Tal",Things to Do,Things to do article
https://club.kudozz.in/blog/things-to-do-in-coimbatore,things-to-do-in-coimbatore,"Things to Do in Coimbatore: Adiyogi, Hill Temples, Waterfalls & Gateway Trips",Things to Do,Things to do article
https://club.kudozz.in/blog/things-to-do-in-coorg,things-to-do-in-coorg,"Things to Do in Coorg: Coffee Estates, Waterfalls, Peaks & Kodava Culture",Things to Do,Things to do article
https://club.kudozz.in/blog/things-to-do-in-dalhousie,things-to-do-in-dalhousie,"Things to Do in Dalhousie: Colonial Walks, Dainkund Peak & Khajjiar",Things to Do,Things to do article
https://club.kudozz.in/blog/things-to-do-in-daman,things-to-do-in-daman,"Things to Do in Daman: Portuguese Forts, Churches, Beaches & Lake Gardens",Things to Do,Things to do article
https://club.kudozz.in/blog/things-to-do-in-darjeeling,things-to-do-in-darjeeling,"Things to Do in Darjeeling: Kanchenjunga Sunrise, Toy Train & Tea Gardens",Things to Do,Things to do article
https://club.kudozz.in/blog/things-to-do-in-delhi,things-to-do-in-delhi,"Things to Do in Delhi: Monuments, Markets, Food & Neighbourhoods",Things to Do,Things to do article
https://club.kudozz.in/blog/things-to-do-in-dharamshala,things-to-do-in-dharamshala,"Things to Do in Dharamshala & McLeod Ganj: Monasteries, Treks & Tibetan Culture",Things to Do,Things to do article
https://club.kudozz.in/blog/things-to-do-in-digha,things-to-do-in-digha,"Things to Do in Digha: Beaches, Seafood & Weekend Escapes from Kolkata",Things to Do,Things to do article
https://club.kudozz.in/blog/things-to-do-in-diu,things-to-do-in-diu,"Things to Do in Diu: Portuguese Fort, Churches, Beaches & Seaside Cafés",Things to Do,Things to do article
https://club.kudozz.in/blog/things-to-do-in-dwarka,things-to-do-in-dwarka,"Things to Do in Dwarka: Dwarkadhish Temple, Bet Dwarka & the Saurashtra Coast",Things to Do,Things to do article
https://club.kudozz.in/blog/things-to-do-in-gangtok,things-to-do-in-gangtok,"Things to Do in Gangtok: MG Marg, Monasteries, Viewpoints & Day Trips",Things to Do,Things to do article
https://club.kudozz.in/blog/things-to-do-in-goa,things-to-do-in-goa,"Things to Do in Goa: Beaches, Old Goa, Markets, Forts & Beyond the Sand",Things to Do,Things to do article
https://club.kudozz.in/blog/things-to-do-in-gokarna,things-to-do-in-gokarna,"Things to Do in Gokarna: Beach Trek, Temples & Quiet Coves",Things to Do,Things to do article
https://club.kudozz.in/blog/things-to-do-in-gulmarg,things-to-do-in-gulmarg,"Things to Do in Gulmarg: Gondola, Skiing & Summer Meadows",Things to Do,Things to do article
https://club.kudozz.in/blog/things-to-do-in-gurgaon,things-to-do-in-gurgaon,"Things to Do in Gurgaon (Gurugram): Birds, Museums, Food & Weekend Escapes",Things to Do,Things to do article
https://club.kudozz.in/blog/things-to-do-in-guwahati,things-to-do-in-guwahati,"Things to Do in Guwahati: Kamakhya, the Brahmaputra & Gateway Day Trips",Things to Do,Things to do article
https://club.kudozz.in/blog/things-to-do-in-gwalior,things-to-do-in-gwalior,"Things to Do in Gwalior: The Fort, Jai Vilas Palace, Tansen & Ancient Temples",Things to Do,Things to do article
https://club.kudozz.in/blog/things-to-do-in-hampi,things-to-do-in-hampi,"Things to Do in Hampi: Temples, Royal Ruins, Boulders & Sunrise Hills",Things to Do,Things to do article
https://club.kudozz.in/blog/things-to-do-in-haridwar,things-to-do-in-haridwar,"Things to Do in Haridwar: Har ki Pauri, Ganga Aarti & Hilltop Temples",Things to Do,Things to do article
https://club.kudozz.in/blog/things-to-do-in-havelock-island,things-to-do-in-havelock-island,"Things to Do in Havelock Island (Swaraj Dweep): Beaches, Diving & Sunsets",Things to Do,Things to do article
https://club.kudozz.in/blog/things-to-do-in-hyderabad,things-to-do-in-hyderabad,"Things to Do in Hyderabad: Charminar, Golconda, Palaces, Biryani & More",Things to Do,Things to do article
https://club.kudozz.in/blog/things-to-do-in-imphal,things-to-do-in-imphal,"Things to Do in Imphal: Kangla Fort, Ima Market, Loktak Lake & Manipuri Culture",Things to Do,Things to do article
https://club.kudozz.in/blog/things-to-do-in-indore,things-to-do-in-indore,"Things to Do in Indore: Rajwada, Night Food Markets & Day Trips to Mandu and Omkareshwar",Things to Do,Things to do article
https://club.kudozz.in/blog/things-to-do-in-jabalpur,things-to-do-in-jabalpur,"Things to Do in Jabalpur: Marble Rocks, Dhuandhar Falls & the Road to Kanha",Things to Do,Things to do article
https://club.kudozz.in/blog/things-to-do-in-jaipur,things-to-do-in-jaipur,"Things to Do in Jaipur: Forts, Bazaars, Food & Heritage Experiences",Things to Do,Things to do article
https://club.kudozz.in/blog/things-to-do-in-jaisalmer,things-to-do-in-jaisalmer,"Things to Do in Jaisalmer: Golden Fort, Havelis & Thar Desert Experiences",Things to Do,Things to do article
https://club.kudozz.in/blog/things-to-do-in-jammu,things-to-do-in-jammu,"Things to Do in Jammu: Temples, Dogra Palaces & the Road to Vaishno Devi",Things to Do,Things to do article
https://club.kudozz.in/blog/things-to-do-in-jim-corbett,things-to-do-in-jim-corbett,"Things to Do in Jim Corbett: Safaris, Rivers & Wildlife Experiences",Things to Do,Things to do article
https://club.kudozz.in/blog/things-to-do-in-jodhpur,things-to-do-in-jodhpur,"Things to Do in Jodhpur: Mehrangarh, the Blue City & Marwar Experiences",Things to Do,Things to do article
https://club.kudozz.in/blog/things-to-do-in-kalimpong,things-to-do-in-kalimpong,"Things to Do in Kalimpong: Monasteries, Nurseries & Teesta Views",Things to Do,Things to do article
https://club.kudozz.in/blog/things-to-do-in-kanyakumari,things-to-do-in-kanyakumari,"Things to Do in Kanyakumari: Sunrise at India's Tip, Vivekananda Rock & Temples",Things to Do,Things to do article
https://club.kudozz.in/blog/things-to-do-in-kasauli,things-to-do-in-kasauli,"Things to Do in Kasauli: Mall Walks, Old Churches & Shivalik Sunsets",Things to Do,Things to do article
https://club.kudozz.in/blog/things-to-do-in-kashmir,things-to-do-in-kashmir,"Things to Do in Kashmir: Houseboats, Meadows, Snow & Mughal Gardens",Things to Do,Things to do article
https://club.kudozz.in/blog/things-to-do-in-kasol,things-to-do-in-kasol,"Things to Do in Kasol: Parvati Valley Walks, Kheerganga & Village Cafés",Things to Do,Things to do article
https://club.kudozz.in/blog/things-to-do-in-kausani,things-to-do-in-kausani,"Things to Do in Kausani: Himalayan Sunrise, Tea Gardens & Gandhi's Ashram",Things to Do,Things to do article
https://club.kudozz.in/blog/things-to-do-in-kaziranga,things-to-do-in-kaziranga,"Things to Do in Kaziranga: Rhino Safaris, Wetlands & Tea Country",Things to Do,Things to do article
https://club.kudozz.in/blog/things-to-do-in-kerala,things-to-do-in-kerala,"Things to Do in Kerala: Backwaters, Tea Hills, Beaches, Wildlife & Culture",Things to Do,Things to do article
https://club.kudozz.in/blog/things-to-do-in-khajuraho,things-to-do-in-khajuraho,"Things to Do in Khajuraho: Chandela Temples, Light Show, Panna & Raneh Falls",Things to Do,Things to do article
https://club.kudozz.in/blog/things-to-do-in-kochi,things-to-do-in-kochi,"Things to Do in Kochi: Fort Kochi, Jew Town, Kathakali & Harbour Life",Things to Do,Things to do article
https://club.kudozz.in/blog/things-to-do-in-kodaikanal,things-to-do-in-kodaikanal,"Things to Do in Kodaikanal: The Lake, Coaker's Walk, Forests & Viewpoints",Things to Do,Things to do article
https://club.kudozz.in/blog/things-to-do-in-kohima,things-to-do-in-kohima,"Things to Do in Kohima: War Cemetery, Hornbill Festival, Khonoma & Dzukou",Things to Do,Things to do article
https://club.kudozz.in/blog/things-to-do-in-kolhapur,things-to-do-in-kolhapur,"Things to Do in Kolhapur: Mahalaxmi Temple, Palaces, Panhala & Fiery Food",Things to Do,Things to do article
https://club.kudozz.in/blog/things-to-do-in-kolkata,things-to-do-in-kolkata,"Things to Do in Kolkata: Heritage, Temples, Books, Food & Durga Puja",Things to Do,Things to do article
https://club.kudozz.in/blog/things-to-do-in-kovalam,things-to-do-in-kovalam,"Things to Do in Kovalam: Lighthouse Beach, Ayurveda & Thiruvananthapuram Day Trips",Things to Do,Things to do article
https://club.kudozz.in/blog/things-to-do-in-kumarakom,things-to-do-in-kumarakom,"Things to Do in Kumarakom: Bird Sanctuary, Vembanad Lake & Village Life",Things to Do,Things to do article
https://club.kudozz.in/blog/things-to-do-in-kutch,things-to-do-in-kutch,"Things to Do in Kutch: White Rann, Craft Villages, Bhuj Palaces & Dholavira",Things to Do,Things to do article
https://club.kudozz.in/blog/things-to-do-in-ladakh,things-to-do-in-ladakh,"Things to Do in Ladakh: High Lakes, Monasteries, Passes & Road Trips",Things to Do,Things to do article
https://club.kudozz.in/blog/things-to-do-in-lakshadweep,things-to-do-in-lakshadweep,"Things to Do in Lakshadweep: Lagoons, Coral Reefs & Island Life",Things to Do,Things to do article
https://club.kudozz.in/blog/things-to-do-in-lansdowne,things-to-do-in-lansdowne,"Things to Do in Lansdowne: Forest Walks, Regimental History & Quiet Views",Things to Do,Things to do article
https://club.kudozz.in/blog/things-to-do-in-leh,things-to-do-in-leh,"Things to Do in Leh: Palace, Old Town, Stupas & Indus Valley Monasteries",Things to Do,Things to do article
https://club.kudozz.in/blog/things-to-do-in-lonavala,things-to-do-in-lonavala,"Things to Do in Lonavala: Caves, Forts, Viewpoints & Monsoon Waterfalls",Things to Do,Things to do article
https://club.kudozz.in/blog/things-to-do-in-lucknow,things-to-do-in-lucknow,"Things to Do in Lucknow: Nawabi Monuments, Kebabs & Chikankari",Things to Do,Things to do article
https://club.kudozz.in/blog/things-to-do-in-madurai,things-to-do-in-madurai,"Things to Do in Madurai: Meenakshi Temple, Nayak Palace, Markets & Food",Things to Do,Things to do article
https://club.kudozz.in/blog/things-to-do-in-mahabaleshwar,things-to-do-in-mahabaleshwar,"Things to Do in Mahabaleshwar: Viewpoints, Strawberries, Temples & Forts",Things to Do,Things to do article
https://club.kudozz.in/blog/things-to-do-in-mahabalipuram,things-to-do-in-mahabalipuram,"Things to Do in Mahabalipuram: Shore Temple, Rock Carvings & Beach Days",Things to Do,Things to do article
https://club.kudozz.in/blog/things-to-do-in-majuli,things-to-do-in-majuli,"Things to Do in Majuli: Satras, Mask-Making & River Island Life",Things to Do,Things to do article
https://club.kudozz.in/blog/things-to-do-in-manali,things-to-do-in-manali,"Things to Do in Manali: Snow, Adventure, Old Temples & Café Lanes",Things to Do,Things to do article
https://club.kudozz.in/blog/things-to-do-in-mandu,things-to-do-in-mandu,"Things to Do in Mandu: Jahaz Mahal, Rupmati's Pavilion & Afghan Architecture",Things to Do,Things to do article
https://club.kudozz.in/blog/things-to-do-in-mangalore,things-to-do-in-mangalore,"Things to Do in Mangalore (Mangaluru): Temples, Beaches, Kambala & Coastal Food",Things to Do,Things to do article
https://club.kudozz.in/blog/things-to-do-in-matheran,things-to-do-in-matheran,"Things to Do in Matheran: Car-Free Walks, Viewpoints & the Toy Train",Things to Do,Things to do article
https://club.kudozz.in/blog/things-to-do-in-mathura,things-to-do-in-mathura,"Things to Do in Mathura: Krishna's Birthplace, Ghats & Braj Traditions",Things to Do,Things to do article
https://club.kudozz.in/blog/things-to-do-in-meghalaya,things-to-do-in-meghalaya,"Things to Do in Meghalaya: Living Root Bridges, Waterfalls, Caves & Clear Rivers",Things to Do,Things to do article
https://club.kudozz.in/blog/things-to-do-in-mount-abu,things-to-do-in-mount-abu,"Things to Do in Mount Abu: Dilwara Temples, Nakki Lake & Aravalli Views",Things to Do,Things to do article
https://club.kudozz.in/blog/things-to-do-in-mumbai,things-to-do-in-mumbai,"Things to Do in Mumbai: Heritage, Sea Faces, Street Food & Island Caves",Things to Do,Things to do article
https://club.kudozz.in/blog/things-to-do-in-munnar,things-to-do-in-munnar,"Things to Do in Munnar: Tea Estates, Eravikulam, Viewpoints & Sunrise Jeep Rides",Things to Do,Things to do article
https://club.kudozz.in/blog/things-to-do-in-mussoorie,things-to-do-in-mussoorie,"Things to Do in Mussoorie: Mall Road, Landour Walks & Himalayan Views",Things to Do,Things to do article
https://club.kudozz.in/blog/things-to-do-in-mysore,things-to-do-in-mysore,"Things to Do in Mysore (Mysuru): Palaces, Dasara, Markets & Srirangapatna",Things to Do,Things to do article
https://club.kudozz.in/blog/things-to-do-in-nainital,things-to-do-in-nainital,"Things to Do in Nainital: Lake, Viewpoints & the Kumaon Lake District",Things to Do,Things to do article
https://club.kudozz.in/blog/things-to-do-in-nashik,things-to-do-in-nashik,"Things to Do in Nashik: Trimbakeshwar, Panchavati, Caves & Vineyards",Things to Do,Things to do article
https://club.kudozz.in/blog/things-to-do-in-neil-island,things-to-do-in-neil-island,"Things to Do in Neil Island (Shaheed Dweep): Natural Bridge, Reefs & Slow Days",Things to Do,Things to do article
https://club.kudozz.in/blog/things-to-do-in-nubra-valley,things-to-do-in-nubra-valley,"Things to Do in Nubra Valley: Dunes, Diskit, Hot Springs & Turtuk",Things to Do,Things to do article
https://club.kudozz.in/blog/things-to-do-in-old-delhi,things-to-do-in-old-delhi,"Things to Do in Old Delhi: Red Fort, Bazaars, Havelis & Street Food",Things to Do,Things to do article
https://club.kudozz.in/blog/things-to-do-in-ooty,things-to-do-in-ooty,"Things to Do in Ooty: Toy Train, Tea Gardens, Lakes & Nilgiri Views",Things to Do,Things to do article
https://club.kudozz.in/blog/things-to-do-in-orchha,things-to-do-in-orchha,"Things to Do in Orchha: Bundela Palaces, Riverside Chhatris & Ram Raja Temple",Things to Do,Things to do article
https://club.kudozz.in/blog/things-to-do-in-pachmarhi,things-to-do-in-pachmarhi,"Things to Do in Pachmarhi: Waterfalls, Caves, Dhoopgarh Sunsets & Satpura Safaris",Things to Do,Things to do article
https://club.kudozz.in/blog/things-to-do-in-pahalgam,things-to-do-in-pahalgam,"Things to Do in Pahalgam: Betaab Valley, Aru, Chandanwari & the Lidder",Things to Do,Things to do article
https://club.kudozz.in/blog/things-to-do-in-patiala,things-to-do-in-patiala,"Things to Do in Patiala: Royal Palaces, Gurdwaras & Old Bazaars",Things to Do,Things to do article
https://club.kudozz.in/blog/things-to-do-in-patna,things-to-do-in-patna,"Things to Do in Patna: Bihar Museum, Golghar, Takht Sri Patna Sahib & the Ganga",Things to Do,Things to do article
https://club.kudozz.in/blog/things-to-do-in-patnitop,things-to-do-in-patnitop,"Things to Do in Patnitop: Pine Meadows, Sanasar & Winter Snow",Things to Do,Things to do article
https://club.kudozz.in/blog/things-to-do-in-pelling,things-to-do-in-pelling,"Things to Do in Pelling: Kanchenjunga Sunrise, Old Monasteries & Sacred Lakes",Things to Do,Things to do article
https://club.kudozz.in/blog/things-to-do-in-pondicherry,things-to-do-in-pondicherry,"Things to Do in Pondicherry: French Quarter, Auroville, Beaches & Cafés",Things to Do,Things to do article
https://club.kudozz.in/blog/things-to-do-in-port-blair,things-to-do-in-port-blair,"Things to Do in Port Blair (Sri Vijaya Puram): Cellular Jail, Islands & Sunsets",Things to Do,Things to do article
https://club.kudozz.in/blog/things-to-do-in-prayagraj,things-to-do-in-prayagraj,"Things to Do in Prayagraj: Triveni Sangam, Kumbh and Heritage Sites",Things to Do,Things to do article
https://club.kudozz.in/blog/things-to-do-in-pune,things-to-do-in-pune,"Things to Do in Pune: Peshwa Heritage, Hill Forts, Food & Monsoon Escapes",Things to Do,Things to do article
https://club.kudozz.in/blog/things-to-do-in-puri,things-to-do-in-puri,"Things to Do in Puri: Jagannath Temple, Rath Yatra, Beaches & Konark",Things to Do,Things to do article
https://club.kudozz.in/blog/things-to-do-in-pushkar,things-to-do-in-pushkar,"Things to Do in Pushkar: Ghats, Temples, Sunsets & the Camel Fair",Things to Do,Things to do article
https://club.kudozz.in/blog/things-to-do-in-rajgir,things-to-do-in-rajgir,"Things to Do in Rajgir: Vulture's Peak, Peace Pagoda, Hot Springs & Nalanda",Things to Do,Things to do article
https://club.kudozz.in/blog/things-to-do-in-rameswaram,things-to-do-in-rameswaram,"Things to Do in Rameswaram: Temple Corridors, Pamban Bridge & Dhanushkodi",Things to Do,Things to do article
https://club.kudozz.in/blog/things-to-do-in-ranchi,things-to-do-in-ranchi,"Things to Do in Ranchi: Waterfalls, Hills, Temples & Tribal Heritage",Things to Do,Things to do article
https://club.kudozz.in/blog/things-to-do-in-ranikhet,things-to-do-in-ranikhet,"Things to Do in Ranikhet: Orchards, Pine Walks & a Quiet Cantonment",Things to Do,Things to do article
https://club.kudozz.in/blog/things-to-do-in-rishikesh,things-to-do-in-rishikesh,"Things to Do in Rishikesh: Rafting, Yoga, Ganga Aarti & Himalayan Treks",Things to Do,Things to do article
https://club.kudozz.in/blog/things-to-do-in-saputara,things-to-do-in-saputara,"Things to Do in Saputara: Lake, Sunset Point, Waterfalls & Tribal Culture",Things to Do,Things to do article
https://club.kudozz.in/blog/things-to-do-in-shillong,things-to-do-in-shillong,"Things to Do in Shillong: Lakes, Waterfalls, Music & Khasi Culture",Things to Do,Things to do article
https://club.kudozz.in/blog/things-to-do-in-shimla,things-to-do-in-shimla,"Things to Do in Shimla: The Ridge, the Toy Train & Colonial Heritage",Things to Do,Things to do article
https://club.kudozz.in/blog/things-to-do-in-sikkim,things-to-do-in-sikkim,"Things to Do in Sikkim: High Lakes, Monasteries, Valleys & Kanchenjunga",Things to Do,Things to do article
https://club.kudozz.in/blog/things-to-do-in-sonamarg,things-to-do-in-sonamarg,"Things to Do in Sonamarg: Thajiwas Glacier, Zoji La & the Great Lakes",Things to Do,Things to do article
https://club.kudozz.in/blog/things-to-do-in-spiti-valley,things-to-do-in-spiti-valley,"Things to Do in Spiti Valley: Monasteries, High Villages & Chandratal",Things to Do,Things to do article
https://club.kudozz.in/blog/things-to-do-in-srinagar,things-to-do-in-srinagar,"Things to Do in Srinagar: Dal Lake, Mughal Gardens & the Old City",Things to Do,Things to do article
https://club.kudozz.in/blog/things-to-do-in-sundarbans,things-to-do-in-sundarbans,"Things to Do in the Sundarbans: Creek Safaris, Watchtowers & Village Life",Things to Do,Things to do article
https://club.kudozz.in/blog/things-to-do-in-surat,things-to-do-in-surat,"Things to Do in Surat: Food Streets, Heritage, Beaches & Diamond City Life",Things to Do,Things to do article
https://club.kudozz.in/blog/things-to-do-in-tawang,things-to-do-in-tawang,"Things to Do in Tawang: Monasteries, High Lakes, Passes & War Memorials",Things to Do,Things to do article
https://club.kudozz.in/blog/things-to-do-in-thanjavur,things-to-do-in-thanjavur,"Things to Do in Thanjavur: Brihadeeswarar Temple, Chola Bronzes & Crafts",Things to Do,Things to do article
https://club.kudozz.in/blog/things-to-do-in-thekkady,things-to-do-in-thekkady,"Things to Do in Thekkady: Periyar Boat Safari, Jungle Walks & Spice Gardens",Things to Do,Things to do article
https://club.kudozz.in/blog/things-to-do-in-tirthan-valley,things-to-do-in-tirthan-valley,"Things to Do in Tirthan Valley: River Stays, Jalori Pass & the Great Himalayan National Park",Things to Do,Things to do article
https://club.kudozz.in/blog/things-to-do-in-tirupati,things-to-do-in-tirupati,"Things to Do in Tirupati: Tirumala Darshan, Hill Walks & Nearby Temples",Things to Do,Things to do article
https://club.kudozz.in/blog/things-to-do-in-udaipur,things-to-do-in-udaipur,"Things to Do in Udaipur: Lakes, Palaces, Sunsets & Old City Experiences",Things to Do,Things to do article
https://club.kudozz.in/blog/things-to-do-in-udupi,things-to-do-in-udupi,"Things to Do in Udupi: Sri Krishna Matha, Malpe & St Mary's Island",Things to Do,Things to do article
https://club.kudozz.in/blog/things-to-do-in-ujjain,things-to-do-in-ujjain,"Things to Do in Ujjain: Mahakaleshwar, Bhasma Aarti, Ghats & Ancient Observatory",Things to Do,Things to do article
https://club.kudozz.in/blog/things-to-do-in-vadodara,things-to-do-in-vadodara,"Things to Do in Vadodara: Laxmi Vilas Palace, Champaner-Pavagadh & Navratri",Things to Do,Things to do article
https://club.kudozz.in/blog/things-to-do-in-varanasi,things-to-do-in-varanasi,"Things to Do in Varanasi: Ghats, Aarti, Boat Rides & Old City Experiences",Things to Do,Things to do article
https://club.kudozz.in/blog/things-to-do-in-varkala,things-to-do-in-varkala,"Things to Do in Varkala: Cliffs, Beaches, Temples & Slow Days",Things to Do,Things to do article
https://club.kudozz.in/blog/things-to-do-in-vizag,things-to-do-in-vizag,"Things to Do in Vizag (Visakhapatnam): Beaches, Submarine Museum & Hills",Things to Do,Things to do article
https://club.kudozz.in/blog/things-to-do-in-vrindavan,things-to-do-in-vrindavan,"Things to Do in Vrindavan: Temples, Kirtan, Parikrama & Braj Festivals",Things to Do,Things to do article
https://club.kudozz.in/blog/things-to-do-in-warangal,things-to-do-in-warangal,"Things to Do in Warangal: Kakatiya Gateways, Ramappa Temple & Forest Lakes",Things to Do,Things to do article
https://club.kudozz.in/blog/things-to-do-in-wayanad,things-to-do-in-wayanad,"Things to Do in Wayanad: Caves, Peaks, Waterfalls & Wildlife",Things to Do,Things to do article
https://club.kudozz.in/blog/things-to-do-in-yercaud,things-to-do-in-yercaud,"Things to Do in Yercaud: Lake, Viewpoints, Coffee Estates & the Loop Road",Things to Do,Things to do article
https://club.kudozz.in/blog/things-to-do-in-ziro,things-to-do-in-ziro,"Things to Do in Ziro: Apatani Villages, Rice-Fish Fields & the Music Festival",Things to Do,Things to do article
https://club.kudozz.in/blog/tiger-safari-in-india,tiger-safari-in-india,"Tiger Safari in India: Best Reserves, Best Time and Planning Tips",Wildlife Tourism,Wildlife article
https://club.kudozz.in/blog/tirathgarh-travel-guide,tirathgarh-travel-guide,Tirathgarh Falls Travel Guide: Multi-Tiered Cascade in Kanger Valley,Off-beat,Travel guide
https://club.kudozz.in/blog/tirthan-valley-travel-guide,tirthan-valley-travel-guide,Tirthan Valley Travel Guide: Trout Fishing & GHNP Gateway,Off-beat,Travel guide
https://club.kudozz.in/blog/tirupati-travel-guide,tirupati-travel-guide,"Tirupati Travel Guide: Tirumala Temple, Darshan & How to Reach",Heritage,Travel guide
https://club.kudozz.in/blog/tiruvannamalai-travel-guide,tiruvannamalai-travel-guide,Tiruvannamalai Guide: Arunachala & Girivalam,Heritage,Travel guide
https://club.kudozz.in/blog/trekking-in-india,trekking-in-india,"Trekking in India: Best Treks by Region, Season and Difficulty",Adventure Travel,Adventure article
https://club.kudozz.in/blog/tribal-tourism-in-india,tribal-tourism-in-india,Tribal and Indigenous Culture in India: A Responsible Traveller's Guide,Heritage & Culture,Heritage article
https://club.kudozz.in/blog/trikut-travel-guide,trikut-travel-guide,"Trikut Hills Travel Guide: Ropeway, Trekking & Deoghar Day Trip",Off-beat,Travel guide
https://club.kudozz.in/blog/trimbakeshwar-jyotirlinga,trimbakeshwar-jyotirlinga,"Trimbakeshwar Jyotirlinga: Temple Guide, Darshan and How to Reach",Spiritual Tourism,Spiritual article
https://club.kudozz.in/blog/tripura-sundari-temple-travel-guide,tripura-sundari-temple-travel-guide,Tripura Sundari Temple Guide: Matabari Shakti Peeth,Heritage,Travel guide
https://club.kudozz.in/blog/tripura-travel-guide,tripura-travel-guide,"Tripura Travel Guide: Neermahal, Unakoti & Ujjayanta Palace",Off-beat,Travel guide
https://club.kudozz.in/blog/trishna-wildlife-sanctuary-travel-guide,trishna-wildlife-sanctuary-travel-guide,Trishna Wildlife Sanctuary: Safari Guide & Tips,Adventure,Travel guide
https://club.kudozz.in/blog/tso-moriri-travel-guide,tso-moriri-travel-guide,Tso Moriri Travel Guide: Ladakh's Most Pristine High-Altitude Lake,Off-beat,Travel guide
https://club.kudozz.in/blog/tsomgo-lake-travel-guide,tsomgo-lake-travel-guide,Tsomgo Lake Guide: Permits & Best Time,Adventure,Travel guide
https://club.kudozz.in/blog/tughlaqabad-delhi-travel-guide,tughlaqabad-delhi-travel-guide,Tughlaqabad Fort Travel Guide: Delhi's Cursed City,Heritage,Travel guide
https://club.kudozz.in/blog/tura-travel-guide,tura-travel-guide,Tura Travel Guide: Gateway to Garo Hills,Destination Guide,Travel guide
https://club.kudozz.in/blog/turtuk-travel-guide,turtuk-travel-guide,Turtuk Travel Guide: Ladakh's Last Balti Village Before the LOC,Off-beat,Travel guide
https://club.kudozz.in/blog/udaipur-city-of-lakes-travel-guide,udaipur-city-of-lakes-travel-guide,"Udaipur Travel Guide: City Palace, Lake Pichola & Itinerary",Heritage,Travel guide
https://club.kudozz.in/blog/udaipur-tripura-travel-guide,udaipur-tripura-travel-guide,Udaipur Tripura Travel Guide: Lakes & Old Capital,Heritage,Travel guide
https://club.kudozz.in/blog/udupi-travel-guide,udupi-travel-guide,"Udupi Travel Guide: Krishna Temple, Beaches & Udupi Cuisine",Heritage,Travel guide
https://club.kudozz.in/blog/ujjain-travel-guide,ujjain-travel-guide,"Ujjain Travel Guide: Mahakaleshwar Temple, Simhastha & Kumbh",Heritage,Travel guide
https://club.kudozz.in/blog/ujjayanta-palace-travel-guide,ujjayanta-palace-travel-guide,"Ujjayanta Palace Guide: History, Timings & Tips",Heritage,Travel guide
https://club.kudozz.in/blog/ukhrul-travel-guide,ukhrul-travel-guide,Ukhrul Travel Guide: Tangkhul Naga Hills & Shirui Lily Gateway,Off-beat,Travel guide
https://club.kudozz.in/blog/umiam-lake-travel-guide,umiam-lake-travel-guide,Umiam Lake Guide: Boating & Best Time,Off-beat,Travel guide
https://club.kudozz.in/blog/unakoti-travel-guide,unakoti-travel-guide,Unakoti Travel Guide: Rock Carvings & How to Reach,Heritage,Travel guide
https://club.kudozz.in/blog/unesco-world-heritage-sites-in-india,unesco-world-heritage-sites-in-india,UNESCO World Heritage Sites in India: The Full List and How to Visit,Heritage & Culture,Heritage article
https://club.kudozz.in/blog/uttar-pradesh-travel-guide,uttar-pradesh-travel-guide,"Uttar Pradesh Travel Guide: Taj Mahal, Varanasi & Lucknow",Destination Guide,Travel guide
https://club.kudozz.in/blog/uttarakhand-travel-guide,uttarakhand-travel-guide,"Uttarakhand Travel Guide: Char Dham, Nainital & Rishikesh",Destination Guide,Travel guide
https://club.kudozz.in/blog/vadodara-travel-guide,vadodara-travel-guide,Vadodara Travel Guide: Laxmi Vilas Palace & Baroda's Heritage,Destination Guide,Travel guide
https://club.kudozz.in/blog/vagamon-travel-guide,vagamon-travel-guide,"Vagamon Travel Guide: Meadows, Pine Forests & Paragliding",Off-beat,Travel guide
https://club.kudozz.in/blog/vagator-travel-guide,vagator-travel-guide,Vagator Beach Travel Guide: Red Cliffs & Chapora Fort,Beaches,Travel guide
https://club.kudozz.in/blog/vaishali-travel-guide,vaishali-travel-guide,Vaishali Travel Guide: The World's First Republic & Buddha's Last Sermon,Heritage,Travel guide
https://club.kudozz.in/blog/valley-of-flowers-travel-guide,valley-of-flowers-travel-guide,"Valley of Flowers Trek Guide: Permits, Routes, Best Time & Tips",Trekking,Travel guide
https://club.kudozz.in/blog/valmiki-nagar-travel-guide,valmiki-nagar-travel-guide,Valmiki Nagar Travel Guide: Tiger Reserve & Himalayan Foothills,Adventure,Travel guide
https://club.kudozz.in/blog/valparai-travel-guide,valparai-travel-guide,Valparai Travel Guide: Tea Estates & Wildlife,Off-beat,Travel guide
https://club.kudozz.in/blog/vanganga-lake-garden-travel-guide,vanganga-lake-garden-travel-guide,"Vanganga Lake Garden, Daman: Complete Visit Guide",Off-beat,Travel guide
https://club.kudozz.in/blog/vantawng-falls-travel-guide,vantawng-falls-travel-guide,Vantawng Falls Guide: Mizoram's Tallest Falls,Off-beat,Travel guide
https://club.kudozz.in/blog/varanasi-travel-guide,varanasi-travel-guide,Varanasi Travel Guide: Ganga Ghats & Ganga Aarti,Heritage,Travel guide
https://club.kudozz.in/blog/varkala-travel-guide,varkala-travel-guide,"Varkala Travel Guide: Cliff Beach, Yoga & Best Time to Visit",Beaches,Travel guide
https://club.kudozz.in/blog/vasant-kunj-delhi-travel-guide,vasant-kunj-delhi-travel-guide,"Vasant Kunj Guide: Malls, Shopping & Nature Nearby",Destination Guide,Travel guide
https://club.kudozz.in/blog/vemulawada-travel-guide,vemulawada-travel-guide,Vemulawada Temple Guide: Darshan & Tips,Heritage,Travel guide
https://club.kudozz.in/blog/vijayawada-travel-guide,vijayawada-travel-guide,Vijayawada Travel Guide: Kanaka Durga Temple & Krishna River,Destination Guide,Travel guide
https://club.kudozz.in/blog/vikramshila-travel-guide,vikramshila-travel-guide,Vikramshila Travel Guide: The Other Great Ancient Buddhist University,Heritage,Travel guide
https://club.kudozz.in/blog/visakhapatnam-travel-guide,visakhapatnam-travel-guide,"Visakhapatnam Travel Guide: Beaches, Submarine Museum & Vizag City Guide",Destination Guide,Travel guide
https://club.kudozz.in/blog/vrindavan-travel-guide,vrindavan-travel-guide,Vrindavan Travel Guide: Temples & Krishna Lore,Heritage,Travel guide
https://club.kudozz.in/blog/wagah-border-travel-guide,wagah-border-travel-guide,Wagah Border Guide: Beating Retreat Ceremony,Heritage,Travel guide
https://club.kudozz.in/blog/walong-travel-guide,walong-travel-guide,Walong Travel Guide: The Easternmost Battlefield of the 1962 War,Off-beat,Travel guide
https://club.kudozz.in/blog/warangal-travel-guide,warangal-travel-guide,Warangal Travel Guide: Kakatiya Heritage & Tips,Heritage,Travel guide
https://club.kudozz.in/blog/water-sports-in-india,water-sports-in-india,Water Sports in India: Where to Try What,Adventure Travel,Adventure article
https://club.kudozz.in/blog/wayanad-travel-guide,wayanad-travel-guide,"Wayanad Travel Guide: Waterfalls, Wildlife & Western Ghats",Off-beat,Travel guide
https://club.kudozz.in/blog/weekend-adventure-trips-from-bengaluru,weekend-adventure-trips-from-bengaluru,Weekend Adventure Trips from Bengaluru,Adventure Travel,Adventure article
https://club.kudozz.in/blog/weekend-adventure-trips-from-delhi,weekend-adventure-trips-from-delhi,Weekend Adventure Trips from Delhi,Adventure Travel,Adventure article
https://club.kudozz.in/blog/weekend-adventure-trips-from-mumbai,weekend-adventure-trips-from-mumbai,Weekend Adventure Trips from Mumbai and Pune,Adventure Travel,Adventure article
https://club.kudozz.in/blog/west-bengal-travel-guide,west-bengal-travel-guide,"West Bengal Travel Guide: Kolkata, Darjeeling & Sundarbans",Destination Guide,Travel guide
https://club.kudozz.in/blog/where-to-see-rhinos-in-india,where-to-see-rhinos-in-india,Where to See One-Horned Rhinos in India,Wildlife Tourism,Wildlife article
https://club.kudozz.in/blog/where-to-see-wildlife-in-india,where-to-see-wildlife-in-india,"Where to See Wildlife in India, Species by Species",Wildlife Tourism,Wildlife article
https://club.kudozz.in/blog/wildlife-photography-in-india,wildlife-photography-in-india,Wildlife Photography in India: Where to Go and How to Shoot Responsibly,Wildlife Tourism,Wildlife article
https://club.kudozz.in/blog/wildlife-safari-packing-list,wildlife-safari-packing-list,Wildlife Safari Packing List and What to Wear,Wildlife Tourism,Wildlife article
https://club.kudozz.in/blog/wildlife-tourism-in-assam,wildlife-tourism-in-assam,"Wildlife Tourism in Assam: Kaziranga, Manas, Pobitora and More",Wildlife Tourism,Wildlife article
https://club.kudozz.in/blog/wildlife-tourism-in-gujarat,wildlife-tourism-in-gujarat,"Wildlife Tourism in Gujarat: Gir Lions, Wild Ass and Wetlands",Wildlife Tourism,Wildlife article
https://club.kudozz.in/blog/wildlife-tourism-in-karnataka,wildlife-tourism-in-karnataka,"Wildlife Tourism in Karnataka: Kabini, Nagarhole, Bandipur and Bhadra",Wildlife Tourism,Wildlife article
https://club.kudozz.in/blog/wildlife-tourism-in-kerala,wildlife-tourism-in-kerala,"Wildlife Tourism in Kerala: Periyar, Wayanad, Thattekad and More",Wildlife Tourism,Wildlife article
https://club.kudozz.in/blog/wildlife-tourism-in-madhya-pradesh,wildlife-tourism-in-madhya-pradesh,"Wildlife Tourism in Madhya Pradesh: Kanha, Bandhavgarh, Pench and More",Wildlife Tourism,Wildlife article
https://club.kudozz.in/blog/wildlife-tourism-in-maharashtra,wildlife-tourism-in-maharashtra,"Wildlife Tourism in Maharashtra: Tadoba, Pench and Vidarbha's Tiger Country",Wildlife Tourism,Wildlife article
https://club.kudozz.in/blog/wildlife-tourism-in-odisha,wildlife-tourism-in-odisha,"Wildlife Tourism in Odisha: Similipal, Bhitarkanika and Chilika",Wildlife Tourism,Wildlife article
https://club.kudozz.in/blog/wildlife-tourism-in-rajasthan,wildlife-tourism-in-rajasthan,"Wildlife Tourism in Rajasthan: Ranthambore, Sariska, Leopards and Birds",Wildlife Tourism,Wildlife article
https://club.kudozz.in/blog/wildlife-tourism-in-tamil-nadu,wildlife-tourism-in-tamil-nadu,"Wildlife Tourism in Tamil Nadu: Mudumalai, Anamalai and Bird Sanctuaries",Wildlife Tourism,Wildlife article
https://club.kudozz.in/blog/wildlife-tourism-in-uttarakhand,wildlife-tourism-in-uttarakhand,"Wildlife Tourism in Uttarakhand: Corbett, Rajaji and the High Himalaya",Wildlife Tourism,Wildlife article
https://club.kudozz.in/blog/wildlife-tourism-in-west-bengal,wildlife-tourism-in-west-bengal,Wildlife Tourism in West Bengal: Sundarbans and the Dooars,Wildlife Tourism,Wildlife article
https://club.kudozz.in/blog/winter-treks-in-india,winter-treks-in-india,Winter Treks in India: Snow Treks from December to March,Adventure Travel,Adventure article
https://club.kudozz.in/blog/yadadri-travel-guide,yadadri-travel-guide,"Yadadri Temple Guide: Darshan, Timings & Tips",Heritage,Travel guide
https://club.kudozz.in/blog/yamunotri-travel-guide,yamunotri-travel-guide,"Yamunotri Travel Guide: Trek, Hot Springs & Tips",Heritage,Travel guide
https://club.kudozz.in/blog/yanam-district-travel-guide,yanam-district-travel-guide,Yanam District Travel Guide: Godavari Delta & French Heritage,Destination Guide,Travel guide
https://club.kudozz.in/blog/yelagiri-travel-guide,yelagiri-travel-guide,"Yelagiri Travel Guide: Lake, Hills & Best Time",Off-beat,Travel guide
https://club.kudozz.in/blog/yercaud-travel-guide,yercaud-travel-guide,Yercaud Travel Guide: Coffee Hills & Best Time,Off-beat,Travel guide
https://club.kudozz.in/blog/yoga-and-meditation-retreats-in-india,yoga-and-meditation-retreats-in-india,Yoga and Meditation Retreats in India: Ashrams and Centres,Spiritual Tourism,Spiritual article
https://club.kudozz.in/blog/yoga-in-rishikesh,yoga-in-rishikesh,"Yoga in Rishikesh: Ashrams, Courses and How to Choose",Spiritual Tourism,Spiritual article
https://club.kudozz.in/blog/yuksom-travel-guide,yuksom-travel-guide,Yuksom Travel Guide: Sikkim's First Capital,Trekking,Travel guide
https://club.kudozz.in/blog/yumthang-valley-travel-guide,yumthang-valley-travel-guide,Yumthang Valley Guide: Flowers & Best Time,Off-beat,Travel guide
https://club.kudozz.in/blog/yusmarg-travel-guide,yusmarg-travel-guide,Yusmarg Travel Guide: Meadow of Jesus & Nilnag Lake,Off-beat,Travel guide
https://club.kudozz.in/blog/zanskar-valley-travel-guide,zanskar-valley-travel-guide,"Zanskar Valley Travel Guide: Chadar Trek, Phugtal Monastery & Padum",Trekking,Travel guide
https://club.kudozz.in/blog/zeilad-lake-travel-guide,zeilad-lake-travel-guide,Zeilad Lake Travel Guide: Tamenglong's Sacred Lake,Off-beat,Travel guide
https://club.kudozz.in/blog/ziro-valley-arunachal-travel-guide,ziro-valley-arunachal-travel-guide,"Ziro Valley Travel Guide: Apatani Villages, Rice Fields & Festival",Off-beat,Travel guide
https://club.kudozz.in/blog/zuluk-travel-guide,zuluk-travel-guide,Zuluk Travel Guide: Old Silk Route & Tips,Off-beat,Travel guide
